Workbook

Sheet Menu
C1: Cocoa Grindings Outlook
G5: ECA | L5: ECA : Non German Grind | Q5: Germany Grind
G8: NCA
G11: CAA | L11: CAA : Non Malaysian Grind | Q11: Malaysian Grind
G14: Ivory Coast
G17: Brazil
G20: Cocoa Grinds | Q3 25/26
H21: YoY | I21: QoQ | J21: YTD | K21: Q3 | 25/26
G22: ECA | H22: =ECA!S30 -> -0.046406761 | I22: =ECA!S44 -> -0.029239479 | J22: =ECA!Z16 -> -0.043960457 | K22: =ECA!C45 -> 316366
G23: NCA | H23: =NCA!S29 -> 0.076513032 | I23: =NCA!S43 -> 0.033670478 | J23: =NCA!AA16 -> 0.012572085 | K23: =NCA!C45 -> 109659
G24: CAA | H24: =CAA!S29 -> 0.25068757 | I24: =CAA!S43 -> 0.0051140253 | J24: =CAA!AA16 -> 0.12685226 | K24: =CAA!C45 -> 224646
G25: IVC | H25: =IVC!S29 -> 0.235305 | I25: =IVC!S43 -> -0.092741101 | J25: =IVC!AA16 -> 0.097960232 | K25: =IVC!C45 -> 153520
G26: BR | H26: =BR!S29 -> 0.0861477 | I26: =BR!S43 -> -0.038746984 | J26: =BR!AA16 -> -0.026982409 | K26: =BR!C45 -> 52197
G27: Total | H27: =TOTAL!X29 -> 0.086677858 | I27: =TOTAL!X43 -> -0.025723579 | J27: =TOTAL!AF16 -> -0.010549405 | K27: =TOTAL!C45 -> 856388

Sheet TOTAL
A1: All Reported Grind : ECA + CAA + NCA + IVC (Gepex) + BR
AD3: =COUNT(V16:Y16) -> 3 | AE3: =OFFSET(U6,0,$AD$3,1,1) -> Q3
V5: 1 | W5: 2 | X5: 3 | Y5: 4
B6: Quarter | C6: Total | D6: ECA | E6: CAA | F6: NCA | G6: IVC | H6: BR | I6: CAA / ECA | V6: Q1 | W6: Q2 | X6: Q3 | Y6: Q4 | Z6: Q1-Q4 | AA6: % | AD6: Crop Year | AE6: =_xlfn.CONCAT("YTD (Q1 to ",AE3,")") -> YTD (Q1 to Q3) | AF6: % | AJ6: Q1 | AK6: Q2 | AL6: Q3 | AM6: Q4
B7: Q1 | 16/17 | C7: =SUM(D7:H7) -> 822589 | D7: =IF(ECA!C7=0,NA(),ECA!C7) -> 339741 | E7: =IF(CAA!C7=0,NA(),CAA!C7) -> 177450 | F7: =IF(NCA!C7=0,NA(),NCA!C7) -> 120152 | G7: =IF(IVC!C7=0,NA(),IVC!C7) -> 127000 | H7: =IF(BR!C7=0,NA(),BR!C7) -> 58246 | I7: =E7/D7 -> 0.52230964 | U7: 16/17 | V7: =C7 -> 822589 | W7: =C8 -> 822589 | X7: =C9 -> 798014 | Y7: =C10 -> 850839 | Z7: =SUM(V7:Y7) -> 3294031 | AD7: 16/17 | AE7: =SUM(OFFSET(V7,0,0,1,$AD$3)) -> 2443192 | AI7: 2017 | AJ7: =V7 -> 822589 | AK7: =AJ7+W7 -> 1645178 | AL7: =AK7+X7 -> 2443192 | AM7: =AL7+Y7 -> 3294031
B8: Q2 | 16/17 | C8: =SUM(D8:H8) -> 822589 | D8: =IF(ECA!C8=0,NA(),ECA!C8) -> 339741 | E8: =IF(CAA!C8=0,NA(),CAA!C8) -> 177450 | F8: =IF(NCA!C8=0,NA(),NCA!C8) -> 120152 | G8: =IF(IVC!C8=0,NA(),IVC!C8) -> 127000 | H8: =IF(BR!C8=0,NA(),BR!C8) -> 58246 | I8: =E8/D8 -> 0.52230964 | U8: 17/18 | V8: =C11 -> 850107 | W8: =C12 -> 855759 | X8: =C13 -> 837530 | Y8: =C14 -> 874536 | Z8: =SUM(V8:Y8) -> 3417932 | AA8: =Z8/Z7-1 -> 0.037613793 | AD8: 17/18 | AE8: =SUM(OFFSET(V8,0,0,1,$AD$3)) -> 2543396 | AF8: =AE8/AE7-1 -> 0.041013559 | AI8: 2018 | AJ8: =V8 -> 850107 | AK8: =AJ8+W8 -> 1705866 | AL8: =AK8+X8 -> 2543396 | AM8: =AL8+Y8 -> 3417932
B9: Q3 | 16/17 | C9: =SUM(D9:H9) -> 798014 | D9: =IF(ECA!C9=0,NA(),ECA!C9) -> 331970 | E9: =IF(CAA!C9=0,NA(),CAA!C9) -> 160878 | F9: =IF(NCA!C9=0,NA(),NCA!C9) -> 123125 | G9: =IF(IVC!C9=0,NA(),IVC!C9) -> 127000 | H9: =IF(BR!C9=0,NA(),BR!C9) -> 55041 | I9: =E9/D9 -> 0.48461608 | U9: 18/19 | V9: =C15 -> 881322 | W9: =C16 -> 890013 | X9: =C17 -> 882822 | Y9: =C18 -> 910769 | Z9: =SUM(V9:Y9) -> 3564926 | AA9: =Z9/Z8-1 -> 0.043006707 | AD9: 18/19 | AE9: =SUM(OFFSET(V9,0,0,1,$AD$3)) -> 2654157 | AF9: =AE9/AE8-1 -> 0.043548468 | AI9: 2019 | AJ9: =V9 -> 881322 | AK9: =AJ9+W9 -> 1771335 | AL9: =AK9+X9 -> 2654157 | AM9: =AL9+Y9 -> 3564926
B10: Q4 | 16/17 | C10: =SUM(D10:H10) -> 850839 | D10: =IF(ECA!C10=0,NA(),ECA!C10) -> 353544 | E10: =IF(CAA!C10=0,NA(),CAA!C10) -> 189407 | F10: =IF(NCA!C10=0,NA(),NCA!C10) -> 125323 | G10: =IF(IVC!C10=0,NA(),IVC!C10) -> 128000 | H10: =IF(BR!C10=0,NA(),BR!C10) -> 54565 | I10: =E10/D10 -> 0.53573813 | U10: 19/20 | V10: =C19 -> 894393 | W10: =C20 -> 891865 | X10: =C21 -> 812601 | Y10: =C22 -> 860903 | Z10: =SUM(V10:Y10) -> 3459762 | AA10: =Z10/Z9-1 -> -0.029499631 | AD10: 19/20 | AE10: =SUM(OFFSET(V10,0,0,1,$AD$3)) -> 2598859 | AF10: =AE10/AE9-1 -> -0.020834487 | AI10: 2020 | AJ10: =V10 -> 894393 | AK10: =AJ10+W10 -> 1786258 | AL10: =AK10+X10 -> 2598859 | AM10: =AL10+Y10 -> 3459762
B11: Q1 | 17/18 | C11: =SUM(D11:H11) -> 850107 | D11: =IF(ECA!C11=0,NA(),ECA!C11) -> 353286 | E11: =IF(CAA!C11=0,NA(),CAA!C11) -> 196476 | F11: =IF(NCA!C11=0,NA(),NCA!C11) -> 116080 | G11: =IF(IVC!C11=0,NA(),IVC!C11) -> 124000 | H11: =IF(BR!C11=0,NA(),BR!C11) -> 60265 | I11: =E11/D11 -> 0.55613865 | U11: 20/21 | V11: =C23 -> 890571 | W11: =C24 -> 900134 | X11: =C25 -> 865508 | Y11: =C26 -> 920397 | Z11: =SUM(V11:Y11) -> 3576610 | AA11: =Z11/Z10-1 -> 0.033773421 | AD11: 20/21 | AE11: =SUM(OFFSET(V11,0,0,1,$AD$3)) -> 2656213 | AF11: =AE11/AE10-1 -> 0.022068916 | AI11: 2021 | AJ11: =V11 -> 890571 | AK11: =AJ11+W11 -> 1790705 | AL11: =AK11+X11 -> 2656213 | AM11: =AL11+Y11 -> 3576610
B12: Q2 | 17/18 | C12: =SUM(D12:H12) -> 855759 | D12: =IF(ECA!C12=0,NA(),ECA!C12) -> 358432 | E12: =IF(CAA!C12=0,NA(),CAA!C12) -> 190244 | F12: =IF(NCA!C12=0,NA(),NCA!C12) -> 118778 | G12: =IF(IVC!C12=0,NA(),IVC!C12) -> 130000 | H12: =IF(BR!C12=0,NA(),BR!C12) -> 58305 | I12: =E12/D12 -> 0.53076734 | U12: 21/22 | V12: =C27 -> 929248 | W12: =C28 -> 912398 | X12: =C29 -> 916242 | Y12: =C30 -> 950094 | Z12: =SUM(V12:Y12) -> 3707982 | AA12: =Z12/Z11-1 -> 0.036730871 | AD12: 21/22 | AE12: =SUM(OFFSET(V12,0,0,1,$AD$3)) -> 2757888 | AF12: =AE12/AE11-1 -> 0.03827818 | AI12: 2022 | AJ12: =V12 -> 929248 | AK12: =AJ12+W12 -> 1841646 | AL12: =AK12+X12 -> 2757888 | AM12: =AL12+Y12 -> 3707982
B13: Q3 | 17/18 | C13: =SUM(D13:H13) -> 837530 | D13: =IF(ECA!C13=0,NA(),ECA!C13) -> 356109 | E13: =IF(CAA!C13=0,NA(),CAA!C13) -> 185394 | F13: =IF(NCA!C13=0,NA(),NCA!C13) -> 119301 | G13: =IF(IVC!C13=0,NA(),IVC!C13) -> 125000 | H13: =IF(BR!C13=0,NA(),BR!C13) -> 51726 | I13: =E13/D13 -> 0.52061026 | U13: 22/23 | V13: =IF(C31=0,"",C31) -> 930529 | W13: =IF(C32=0,"",C32) -> 960085 | X13: =IF(C33=0,"",C33) -> 884179 | Y13: =IF(C34=0,NA(),C34) -> 922671 | Z13: =SUM(V13:Y13) -> 3697464 | AA13: =Z13/Z12-1 -> -0.0028365833 | AD13: 22/23 | AE13: =SUM(OFFSET(V13,0,0,1,$AD$3)) -> 2774793 | AF13: =AE13/AE12-1 -> 0.0061296905 | AI13: 2023 | AJ13: =V13 -> 930529 | AK13: =AJ13+W13 -> 1890614 | AL13: =AK13+X13 -> 2774793 | AM13: =AL13+Y13 -> 3697464
B14: Q4 | 17/18 | C14: =SUM(D14:H14) -> 874536 | D14: =IF(ECA!C14=0,NA(),ECA!C14) -> 363122 | E14: =IF(CAA!C14=0,NA(),CAA!C14) -> 196418 | F14: =IF(NCA!C14=0,NA(),NCA!C14) -> 128494 | G14: =IF(IVC!C14=0,NA(),IVC!C14) -> 126347 | H14: =IF(BR!C14=0,NA(),BR!C14) -> 60155 | I14: =E14/D14 -> 0.54091462 | U14: 23/24 | V14: =IF(C35=0,"",C35) -> 898937 | W14: =C36 -> 935533 | X14: =IF(C37=0,"",C37) -> 862065 | Y14: =C38 -> 913855 | Z14: =SUM(V14:Y14) -> 3610390 | AA14: =Z14/Z13-1 -> -0.023549655 | AD14: 23/24 | AE14: =SUM(OFFSET(V14,0,0,1,$AD$3)) -> 2696535 | AF14: =AE14/AE13-1 -> -0.028203185 | AI14: 2024 | AJ14: =V14 -> 898937
B15: Q1 | 18/19 | C15: =SUM(D15:H15) -> 881322 | D15: =IF(ECA!C15=0,NA(),ECA!C15) -> 359103 | E15: =IF(CAA!C15=0,NA(),CAA!C15) -> 208900 | F15: =IF(NCA!C15=0,NA(),NCA!C15) -> 117222 | G15: =IF(IVC!C15=0,NA(),IVC!C15) -> 135510 | H15: =IF(BR!C15=0,NA(),BR!C15) -> 60587 | I15: =E15/D15 -> 0.58172725 | U15: 24/25 | V15: =C39 -> 894012 | W15: =C40 -> 905164 | X15: =C41 -> 788079 | Y15: =C42 -> 794361 | Z15: =SUM(V15:Y15) -> 3381616 | AA15: =Z15/Z14-1 -> -0.063365454 | AD15: 24/25 | AE15: =SUM(OFFSET(V15,0,0,1,$AD$3)) -> 2587255 | AF15: =AE15/AE14-1 -> -0.040526083
B16: Q2 | 18/19 | C16: =SUM(D16:H16) -> 890013 | D16: =IF(ECA!C16=0,NA(),ECA!C16) -> 370359 | E16: =IF(CAA!C16=0,NA(),CAA!C16) -> 208388 | F16: =IF(NCA!C16=0,NA(),NCA!C16) -> 121801 | G16: =IF(IVC!C16=0,NA(),IVC!C16) -> 133000 | H16: =IF(BR!C16=0,NA(),BR!C16) -> 56465 | I16: =E16/D16 -> 0.56266487 | U16: 25/26 | V16: =C43 -> 824574 | W16: =C44 -> 878999 | X16: =C45 -> 856388 | AD16: 25/26 | AE16: =SUM(OFFSET(V16,0,0,1,$AD$3)) -> 2559961 | AF16: =AE16/AE15-1 -> -0.010549405
B17: Q3 | 18/19 | C17: =SUM(D17:H17) -> 882822 | D17: =IF(ECA!C17=0,NA(),ECA!C17) -> 344890 | E17: =IF(CAA!C17=0,NA(),CAA!C17) -> 215574 | F17: =IF(NCA!C17=0,NA(),NCA!C17) -> 124050 | G17: =IF(IVC!C17=0,NA(),IVC!C17) -> 139000 | H17: =IF(BR!C17=0,NA(),BR!C17) -> 59308 | I17: =E17/D17 -> 0.62505147
B18: Q4 | 18/19 | C18: =SUM(D18:H18) -> 910769 | D18: =IF(ECA!C18=0,NA(),ECA!C18) -> 362940 | E18: =IF(CAA!C18=0,NA(),CAA!C18) -> 225356 | F18: =IF(NCA!C18=0,NA(),NCA!C18) -> 123208 | G18: =IF(IVC!C18=0,NA(),IVC!C18) -> 140473 | H18: =IF(BR!C18=0,NA(),BR!C18) -> 58792 | I18: =E18/D18 -> 0.62091806 | U18: YoY Change | AD18: Choose Quarter | AF18: Q3
B19: Q1 | 19/20 | C19: =SUM(D19:H19) -> 894393 | D19: =IF(ECA!C19=0,NA(),ECA!C19) -> 355201 | E19: =IF(CAA!C19=0,NA(),CAA!C19) -> 227013 | F19: =IF(NCA!C19=0,NA(),NCA!C19) -> 110371 | G19: =IF(IVC!C19=0,NA(),IVC!C19) -> 144314 | H19: =IF(BR!C19=0,NA(),BR!C19) -> 57494 | I19: =E19/D19 -> 0.63911138 | V19: Q1 | W19: Q2 | X19: Q3 | Y19: Q4
B20: Q2 | 19/20 | C20: =SUM(D20:H20) -> 891865 | D20: =IF(ECA!C20=0,NA(),ECA!C20) -> 368934 | E20: =IF(CAA!C20=0,NA(),CAA!C20) -> 207356 | F20: =IF(NCA!C20=0,NA(),NCA!C20) -> 115591 | G20: =IF(IVC!C20=0,NA(),IVC!C20) -> 139821 | H20: =IF(BR!C20=0,NA(),BR!C20) -> 60163 | I20: =E20/D20 -> 0.56204091 | U20: 16/17
B21: Q3 | 19/20 | C21: =SUM(D21:H21) -> 812601 | D21: =IF(ECA!C21=0,NA(),ECA!C21) -> 314108 | E21: =IF(CAA!C21=0,NA(),CAA!C21) -> 202674 | F21: =IF(NCA!C21=0,NA(),NCA!C21) -> 110776 | G21: =IF(IVC!C21=0,NA(),IVC!C21) -> 139559 | H21: =IF(BR!C21=0,NA(),BR!C21) -> 45484 | I21: =E21/D21 -> 0.64523667 | U21: 17/18 | V21: =IFERROR(V8/V7-1,"") -> 0.033452915 | W21: =IFERROR(W8/W7-1,"") -> 0.040323904 | X21: =IFERROR(X8/X7-1,"") -> 0.049517928 | Y21: =IFERROR(Y8/Y7-1,"") -> 0.027851333
B22: Q4 | 19/20 | C22: =SUM(D22:H22) -> 860903 | D22: =IF(ECA!C22=0,NA(),ECA!C22) -> 345730 | E22: =IF(CAA!C22=0,NA(),CAA!C22) -> 202665 | F22: =IF(NCA!C22=0,NA(),NCA!C22) -> 118260 | G22: =IF(IVC!C22=0,NA(),IVC!C22) -> 135954 | H22: =IF(BR!C22=0,NA(),BR!C22) -> 58294 | I22: =E22/D22 -> 0.58619443 | U22: 18/19 | V22: =IFERROR(V9/V8-1,"") -> 0.036718907 | W22: =IFERROR(W9/W8-1,"") -> 0.040027625 | X22: =IFERROR(X9/X8-1,"") -> 0.054078063 | Y22: =IFERROR(Y9/Y8-1,"") -> 0.041431113 | AE22: =_xlfn.XLOOKUP(AF18,V6:Y6,V5:Y5) -> 3
B23: Q1 | 20/21 | C23: =SUM(D23:H23) -> 890571 | D23: =IF(ECA!C23=0,NA(),ECA!C23) -> 344151 | E23: =IF(CAA!C23=0,NA(),CAA!C23) -> 217546 | F23: =IF(NCA!C23=0,NA(),NCA!C23) -> 118043 | G23: =IF(IVC!C23=0,NA(),IVC!C23) -> 150241 | H23: =IF(BR!C23=0,NA(),BR!C23) -> 60590 | I23: =E23/D23 -> 0.63212369 | U23: 19/20 | V23: =IFERROR(V10/V9-1,"") -> 0.014831129 | W23: =IFERROR(W10/W9-1,"") -> 0.0020808685 | X23: =IFERROR(X10/X9-1,"") -> -0.079541516 | Y23: =IFERROR(Y10/Y9-1,"") -> -0.054751534 | AE23: Year
B24: Q2 | 20/21 | C24: =SUM(D24:H24) -> 900134 | D24: =IF(ECA!C24=0,NA(),ECA!C24) -> 357815 | E24: =IF(CAA!C24=0,NA(),CAA!C24) -> 213858 | F24: =IF(NCA!C24=0,NA(),NCA!C24) -> 117956 | G24: =IF(IVC!C24=0,NA(),IVC!C24) -> 150593 | H24: =IF(BR!C24=0,NA(),BR!C24) -> 59912 | I24: =E24/D24 -> 0.59767757 | U24: 20/21 | V24: =IFERROR(V11/V10-1,"") -> -0.0042732893 | W24: =IFERROR(W11/W10-1,"") -> 0.0092715826 | X24: =IFERROR(X11/X10-1,"") -> 0.065108214 | Y24: =IFERROR(Y11/Y10-1,"") -> 0.069106508 | AE24: 16/17 | AF24: {=OFFSET(U7,0,$AE$22,COUNT($V$7:$V$16),1)} -> 798014
B25: Q3 | 20/21 | C25: =SUM(D25:H25) -> 865508 | D25: =IF(ECA!C25=0,NA(),ECA!C25) -> 356854 | E25: =IF(CAA!C25=0,NA(),CAA!C25) -> 220865 | F25: =IF(NCA!C25=0,NA(),NCA!C25) -> 123719 | G25: =IF(IVC!C25=0,NA(),IVC!C25) -> 109471 | H25: =IF(BR!C25=0,NA(),BR!C25) -> 54599 | I25: =E25/D25 -> 0.61892258 | U25: 21/22 | V25: =IFERROR(V12/V11-1,"") -> 0.04342944 | W25: =IFERROR(W12/W11-1,"") -> 0.013624638 | X25: =IFERROR(X12/X11-1,"") -> 0.058617598 | Y25: =IFERROR(Y12/Y11-1,"") -> 0.032265425 | AE25: 17/18 | AF25: 837530 | AH25: =_xlfn.CONCAT(A1," ",AF18," across Years") -> All Reported Grind : ECA + CAA + NCA + IVC (Gepex) + BR Q3 across Years
B26: Q4 | 20/21 | C26: =SUM(D26:H26) -> 920397 | D26: =IF(ECA!C26=0,NA(),ECA!C26) -> 375811 | E26: =IF(CAA!C26=0,NA(),CAA!C26) -> 210970 | F26: =IF(NCA!C26=0,NA(),NCA!C26) -> 123399 | G26: =IF(IVC!C26=0,NA(),IVC!C26) -> 154121 | H26: =IF(BR!C26=0,NA(),BR!C26) -> 56096 | I26: =E26/D26 -> 0.5613726 | U26: 22/23 | V26: =IFERROR(V13/V12-1,"") -> 0.001378534 | W26: =IFERROR(W13/W12-1,"") -> 0.052265568 | X26: =IFERROR(X13/X12-1,"") -> -0.03499403 | Y26: =IFERROR(Y13/Y12-1,"") -> -0.02886346 | AE26: 18/19 | AF26: 882822
B27: Q1 | 21/22 | C27: =SUM(D27:H27) -> 929248 | D27: =IF(ECA!C27=0,NA(),ECA!C27) -> 365826 | E27: =IF(CAA!C27=0,NA(),CAA!C27) -> 231309 | F27: =IF(NCA!C27=0,NA(),NCA!C27) -> 116641 | G27: =IF(IVC!C27=0,NA(),IVC!C27) -> 158272 | H27: =IF(BR!C27=0,NA(),BR!C27) -> 57200 | I27: =E27/D27 -> 0.6322924 | U27: 23/24 | V27: =IFERROR(V14/V13-1,"") -> -0.033950581 | W27: =IFERROR(W14/W13-1,"") -> -0.025572736 | X27: =IFERROR(X14/X13-1,"") -> -0.025010773 | Y27: =IFERROR(Y14/Y13-1,"") -> -0.0095548684 | AE27: 19/20 | AF27: 812601
B28: Q2 | 21/22 | C28: =SUM(D28:H28) -> 912398 | D28: =IF(ECA!C28=0,NA(),ECA!C28) -> 373498 | E28: =IF(CAA!C28=0,NA(),CAA!C28) -> 213313 | F28: =IF(NCA!C28=0,NA(),NCA!C28) -> 114694 | G28: =IF(IVC!C28=0,NA(),IVC!C28) -> 155454 | H28: =IF(BR!C28=0,NA(),BR!C28) -> 55439 | I28: =E28/D28 -> 0.5711222 | U28: 24/25 | V28: =IFERROR(V15/V14-1,"") -> -0.0054786932 | W28: =IFERROR(W15/W14-1,"") -> -0.032461709 | X28: =IFERROR(X15/X14-1,"") -> -0.085824155 | Y28: =IFERROR(Y15/Y14-1,"") -> -0.13075816 | AE28: 20/21 | AF28: 865508
B29: Q3 | 21/22 | C29: =SUM(D29:H29) -> 916242 | D29: =IF(ECA!C29=0,NA(),ECA!C29) -> 364081 | E29: =IF(CAA!C29=0,NA(),CAA!C29) -> 228895 | F29: =IF(NCA!C29=0,NA(),NCA!C29) -> 115899 | G29: =IF(IVC!C29=0,NA(),IVC!C29) -> 156723 | H29: =IF(BR!C29=0,NA(),BR!C29) -> 50644 | I29: =E29/D29 -> 0.62869252 | U29: 25/26 | V29: =IFERROR(V16/V15-1,"") -> -0.077670098 | W29: =IFERROR(W16/W15-1,"") -> -0.028906364 | X29: =IFERROR(X16/X15-1,"") -> 0.086677858 | AE29: 21/22 | AF29: 916242
B30: Q4 | 21/22 | C30: =SUM(D30:H30) -> 950094 | D30: =IF(ECA!C30=0,NA(),ECA!C30) -> 369679 | E30: =IF(CAA!C30=0,NA(),CAA!C30) -> 231080 | F30: =IF(NCA!C30=0,NA(),NCA!C30) -> 119244 | G30: =IF(IVC!C30=0,NA(),IVC!C30) -> 171000 | H30: =IF(BR!C30=0,NA(),BR!C30) -> 59091 | I30: =E30/D30 -> 0.62508284 | AE30: 22/23 | AF30: 884179
B31: Q1 | 22/23 | C31: =SUM(D31:H31) -> 930529 | D31: =IF(ECA!C31=0,NA(),ECA!C31) -> 359577 | E31: =IF(CAA!C31=0,NA(),CAA!C31) -> 230806 | F31: =IF(NCA!C31=0,NA(),NCA!C31) -> 107130 | G31: =IF(IVC!C31=0,NA(),IVC!C31) -> 172357 | H31: =IF(BR!C31=0,NA(),BR!C31) -> 60659 | I31: =E31/D31 -> 0.64188199 | AE31: 23/24 | AF31: 862065
B32: Q2 | 22/23 | C32: =SUM(D32:H32) -> 960085 | D32: =IF(ECA!C32=0,NA(),ECA!C32) -> 375375 | E32: =IF(CAA!C32=0,NA(),CAA!C32) -> 222028 | F32: =IF(NCA!C32=0,NA(),NCA!C32) -> 109666 | G32: =IF(IVC!C32=0,NA(),IVC!C32) -> 189000 | H32: =IF(BR!C32=0,NA(),BR!C32) -> 64016 | I32: =E32/D32 -> 0.59148318 | U32: QoQ Change | AE32: 24/25 | AF32: 788079
B33: Q3 | 22/23 | C33: =SUM(D33:H33) -> 884179 | D33: =IF(ECA!C33=0,NA(),ECA!C33) -> 343283 | E33: =IF(CAA!C33=0,NA(),CAA!C33) -> 213977 | F33: =IF(NCA!C33=0,NA(),NCA!C33) -> 102493 | G33: =IF(IVC!C33=0,NA(),IVC!C33) -> 162000 | H33: =IF(BR!C33=0,NA(),BR!C33) -> 62426 | I33: =E33/D33 -> 0.62332536 | V33: Q1 | W33: Q2 | X33: Q3 | Y33: Q4 | AE33: 25/26 | AF33: 856388
B34: Q4 | 22/23 | C34: =SUM(D34:H34) -> 922671 | D34: =IF(ECA!C34=0,NA(),ECA!C34) -> 366298 | E34: =IF(CAA!C34=0,NA(),CAA!C34) -> 211468 | F34: =IF(NCA!C34=0,NA(),NCA!C34) -> 97881 | G34: =IF(IVC!C34=0,NA(),IVC!C34) -> 183000 | H34: =IF(BR!C34=0,NA(),BR!C34) -> 64024 | I34: =E34/D34 -> 0.57731137 | U34: 16/17 | W34: =IFERROR(W7/V7-1,"") -> 0 | X34: =IFERROR(X7/W7-1,"") -> -0.029875187 | Y34: =IFERROR(Y7/X7-1,"") -> 0.066195581
B35: Q1 | 23/24 | C35: =SUM(D35:H35) -> 898937 | D35: =IF(ECA!C35=0,NA(),ECA!C35) -> 350739 | E35: =IF(CAA!C35=0,NA(),CAA!C35) -> 211202 | F35: =IF(NCA!C35=0,NA(),NCA!C35) -> 103971 | G35: =IF(IVC!C35=0,NA(),IVC!C35) -> 170000 | H35: =IF(BR!C35=0,NA(),BR!C35) -> 63025 | I35: =E35/D35 -> 0.60216286 | U35: 17/18 | V35: =IFERROR(V8/Y7-1,"") -> -0.00086032728 | W35: =IFERROR(W8/V8-1,"") -> 0.0066485748 | X35: =IFERROR(X8/W8-1,"") -> -0.021301558 | Y35: =IFERROR(Y8/X8-1,"") -> 0.044184686
B36: Q2 | 23/24 | C36: =SUM(D36:H36) -> 935533 | D36: =IF(ECA!C36=0,NA(),ECA!C36) -> 367287 | E36: =IF(CAA!C36=0,NA(),CAA!C36) -> 225562 | F36: =IF(NCA!C36=0,NA(),NCA!C36) -> 113683 | G36: =IF(IVC!C36=0,NA(),IVC!C36) -> 169059 | H36: =IF(BR!C36=0,NA(),BR!C36) -> 59942 | I36: =E36/D36 -> 0.61413009 | U36: 18/19 | V36: =IFERROR(V9/Y8-1,"") -> 0.0077595433 | W36: =IFERROR(W9/V9-1,"") -> 0.009861322 | X36: =IFERROR(X9/W9-1,"") -> -0.0080796573 | Y36: =IFERROR(Y9/X9-1,"") -> 0.031656438
B37: Q3 | 23/24 | C37: =SUM(D37:H37) -> 862065 | D37: =IF(ECA!C37=0,NA(),ECA!C37) -> 357502 | E37: =IF(CAA!C37=0,NA(),CAA!C37) -> 215528 | F37: =IF(NCA!C37=0,NA(),NCA!C37) -> 104781 | G37: =IF(IVC!C37=0,NA(),IVC!C37) -> 129819 | H37: =IF(BR!C37=0,NA(),BR!C37) -> 54435 | I37: =E37/D37 -> 0.60287215 | U37: 19/20 | V37: =IFERROR(V10/Y9-1,"") -> -0.01798041 | W37: =IFERROR(W10/V10-1,"") -> -0.002826498 | X37: =IFERROR(X10/W10-1,"") -> -0.088874437 | Y37: =IFERROR(Y10/X10-1,"") -> 0.059441226
B38: Q4 | 23/24 | C38: =SUM(D38:H38) -> 913855 | D38: =IF(ECA!C38=0,NA(),ECA!C38) -> 354334 | E38: =IF(CAA!C38=0,NA(),CAA!C38) -> 221205 | F38: =IF(NCA!C38=0,NA(),NCA!C38) -> 109264 | G38: =IF(IVC!C38=0,NA(),IVC!C38) -> 173684 | H38: =IF(BR!C38=0,NA(),BR!C38) -> 55368 | I38: =E38/D38 -> 0.62428387 | U38: 20/21 | V38: =IFERROR(V11/Y10-1,"") -> 0.03446149 | W38: =IFERROR(W11/V11-1,"") -> 0.010738055 | X38: =IFERROR(X11/W11-1,"") -> -0.038467606 | Y38: =IFERROR(Y11/X11-1,"") -> 0.063418247
B39: Q1 | 24/25 | C39: =SUM(D39:H39) -> 894012 | D39: =IF(ECA!C39=0,NA(),ECA!C39) -> 331853 | E39: =IF(CAA!C39=0,NA(),CAA!C39) -> 214505 | F39: =IF(NCA!C39=0,NA(),NCA!C39) -> 102761 | G39: =IF(IVC!C39=0,NA(),IVC!C39) -> 182325 | H39: =IF(BR!C39=0,NA(),BR!C39) -> 62568 | I39: =E39/D39 -> 0.6463856 | U39: 21/22 | V39: =IFERROR(V12/Y11-1,"") -> 0.0096165024 | W39: =IFERROR(W12/V12-1,"") -> -0.018132942 | X39: =IFERROR(X12/W12-1,"") -> 0.0042130737 | Y39: =IFERROR(Y12/X12-1,"") -> 0.036946571
B40: Q2 | 24/25 | C40: =SUM(D40:H40) -> 905164 | D40: =IF(ECA!C40=0,NA(),ECA!C40) -> 353522 | E40: =IF(CAA!C40=0,NA(),CAA!C40) -> 217459 | F40: =IF(NCA!C40=0,NA(),NCA!C40) -> 110278 | G40: =IF(IVC!C40=0,NA(),IVC!C40) -> 169163 | H40: =IF(BR!C40=0,NA(),BR!C40) -> 54742 | I40: =E40/D40 -> 0.61512155 | U40: 22/23 | V40: =IFERROR(V13/Y12-1,"") -> -0.020592699 | W40: =IFERROR(W13/V13-1,"") -> 0.031762578 | X40: =IFERROR(X13/W13-1,"") -> -0.07906175 | Y40: =IFERROR(Y13/X13-1,"") -> 0.043534171
B41: Q3 | 24/25 | C41: =SUM(D41:H41) -> 788079 | D41: =IF(ECA!C41=0,NA(),ECA!C41) -> 331762 | E41: =IF(CAA!C41=0,NA(),CAA!C41) -> 182118 | F41: =IF(NCA!C41=0,NA(),NCA!C41) -> 101865 | G41: =IF(IVC!C41=0,NA(),IVC!C41) -> 124277 | H41: =IF(BR!C41=0,NA(),BR!C41) -> 48057 | I41: =E41/D41 -> 0.54894171 | U41: 23/24 | V41: =IFERROR(V14/Y13-1,"") -> -0.025723145 | W41: =IFERROR(W14/V14-1,"") -> 0.040710306 | X41: =IFERROR(X14/W14-1,"") -> -0.078530634 | Y41: =IFERROR(Y14/X14-1,"") -> 0.060076676
B42: Q4 | 24/25 | C42: =SUM(D42:H42) -> 794361 | D42: =IF(ECA!C42=0,NA(),ECA!C42) -> 337353 | E42: =IF(CAA!C42=0,NA(),CAA!C42) -> 183413 | F42: =IF(NCA!C42=0,NA(),NCA!C42) -> 112784 | G42: =IF(IVC!C42=0,NA(),IVC!C42) -> 112341 | H42: =IF(BR!C42=0,NA(),BR!C42) -> 48470 | I42: =E42/D42 -> 0.54368273 | U42: 24/25 | V42: =IFERROR(V15/Y14-1,"") -> -0.02171351 | W42: =IFERROR(W15/V15-1,"") -> 0.012474105 | X42: =IFERROR(X15/W15-1,"") -> -0.12935225 | Y42: =IFERROR(Y15/X15-1,"") -> 0.0079712821
B43: Q1 | 25/26 | C43: =SUM(D43:H43) -> 824574 | D43: =IF(ECA!C43=0,NA(),ECA!C43) -> 304470 | E43: =IF(CAA!C43=0,NA(),CAA!C43) -> 197022 | F43: =IF(NCA!C43=0,NA(),NCA!C43) -> 103117 | G43: =IF(IVC!C43=0,NA(),IVC!C43) -> 165558 | H43: =IF(BR!C43=0,NA(),BR!C43) -> 54407 | I43: =E43/D43 -> 0.64709824 | U43: 25/26 | V43: =IFERROR(V16/Y15-1,"") -> 0.038034345 | W43: =IFERROR(W16/V16-1,"") -> 0.066003779 | X43: =IFERROR(X16/W16-1,"") -> -0.025723579
B44: Q2 | 25/26 | C44: =SUM(D44:H44) -> 878999 | D44: =IF(ECA!C44=0,NA(),ECA!C44) -> 325895 | E44: =IF(CAA!C44=0,NA(),CAA!C44) -> 223503 | F44: =IF(NCA!C44=0,NA(),NCA!C44) -> 106087 | G44: =IF(IVC!C44=0,NA(),IVC!C44) -> 169213 | H44: =IF(BR!C44=0,NA(),BR!C44) -> 54301 | I44: =E44/D44 -> 0.68581292 | X44: =IFERROR(X17/W17-1,"")
B45: Q3 | 25/26 | C45: =SUM(D45:H45) -> 856388 | D45: =IF(ECA!C45=0,NA(),ECA!C45) -> 316366 | E45: =IF(CAA!C45=0,NA(),CAA!C45) -> 224646 | F45: =IF(NCA!C45=0,NA(),NCA!C45) -> 109659 | G45: =IF(IVC!C45=0,NA(),IVC!C45) -> 153520 | H45: =IF(BR!C45=0,NA(),BR!C45) -> 52197 | I45: =E45/D45 -> 0.71008263
M49: Total | N49: ECA | O49: CAA | P49: NCA | Q49: IVC | R49: BR
L50: Avg | M50: =AVERAGE(C7:C42) -> 880853.14 | N50: =AVERAGE(D7:D43) -> 352926.49 | O50: =AVERAGE(E7:E43) -> 207723.57 | P50: =AVERAGE(F7:F43) -> 114647.38 | Q50: =AVERAGE(G7:G43) -> 146768.54 | R50: =AVERAGE(H7:H43) -> 57266.108
N52: ECA | O52: CAA | P52: NCA | Q52: IVC | R52: BR
N53: =N50/$M$50 -> 0.40066439 | O53: =O50/$M$50 -> 0.23582089 | P53: =P50/$M$50 -> 0.13015493 | Q53: =Q50/$M$50 -> 0.1666209 | R53: =R50/$M$50 -> 0.065012095
G137: Visible Grind | H137: Global Grind (CCS) | I137: Non Visible Grind | O137: 60780
F138: Q1 | 23/24 | G138: 898937 | H138: 1133619 | I138: =H138-G138 -> 234682 | O138: 81866
F139: Q2 | 23/24 | G139: 931501 | H139: 1188932 | I139: =H139-G139 -> 257431 | O139: 24582
F140: Q3 | 23/24 | G140: 857505 | H140: 1147784 | I140: =H140-G140 -> 290279
F141: Q4 | 23/24 | G141: 909648 | H141: 1139289 | I141: =H141-G141 -> 229641
F142: Q1 | 24/25 | G142: 886639 | H142: 1127894 | I142: =H142-G142 -> 241255 | O142: =SUM(O137:O139) -> 167228
F143: Q2 | 24/25 | G143: 898996 | H143: 1198656 | I143: =H143-G143 -> 299660
F144: Q3 | 24/25 | G144: 775695 | H144: 1104060 | I144: =H144-G144 -> 328365
F145: Q4 | 24/25 | G145: 796661 | H145: 1019749 | I145: =H145-G145 -> 223088

Sheet Proportion
A1: Quarter | B1: ECA | C1: CAA | D1: NCA | E1: IVC | F1: BR
A2: Q1 | 16/17 | B2: =TOTAL!D7/TOTAL!$C7 -> 0.41301428 | C2: =TOTAL!E7/TOTAL!$C7 -> 0.21572134 | D2: =TOTAL!F7/TOTAL!$C7 -> 0.14606565 | E2: =TOTAL!G7/TOTAL!$C7 -> 0.15439059 | F2: =TOTAL!H7/TOTAL!$C7 -> 0.070808144
A3: Q2 | 16/17 | B3: =TOTAL!D8/TOTAL!$C8 -> 0.41301428 | C3: =TOTAL!E8/TOTAL!$C8 -> 0.21572134 | D3: =TOTAL!F8/TOTAL!$C8 -> 0.14606565 | E3: =TOTAL!G8/TOTAL!$C8 -> 0.15439059 | F3: =TOTAL!H8/TOTAL!$C8 -> 0.070808144
A4: Q3 | 16/17 | B4: =TOTAL!D9/TOTAL!$C9 -> 0.41599521 | C4: =TOTAL!E9/TOTAL!$C9 -> 0.20159797 | D4: =TOTAL!F9/TOTAL!$C9 -> 0.15428927 | E4: =TOTAL!G9/TOTAL!$C9 -> 0.15914508 | F4: =TOTAL!H9/TOTAL!$C9 -> 0.068972474
A5: Q4 | 16/17 | B5: =TOTAL!D10/TOTAL!$C10 -> 0.41552397 | C5: =TOTAL!E10/TOTAL!$C10 -> 0.22261203 | D5: =TOTAL!F10/TOTAL!$C10 -> 0.14729344 | E5: =TOTAL!G10/TOTAL!$C10 -> 0.15043974 | F5: =TOTAL!H10/TOTAL!$C10 -> 0.064130817
A6: Q1 | 17/18 | B6: =TOTAL!D11/TOTAL!$C11 -> 0.41557827 | C6: =TOTAL!E11/TOTAL!$C11 -> 0.23111914 | D6: =TOTAL!F11/TOTAL!$C11 -> 0.13654752 | E6: =TOTAL!G11/TOTAL!$C11 -> 0.14586399 | F6: =TOTAL!H11/TOTAL!$C11 -> 0.070891076
A7: Q2 | 17/18 | B7: =TOTAL!D12/TOTAL!$C12 -> 0.41884689 | C7: =TOTAL!E12/TOTAL!$C12 -> 0.22231025 | D7: =TOTAL!F12/TOTAL!$C12 -> 0.13879842 | E7: =TOTAL!G12/TOTAL!$C12 -> 0.15191193 | F7: =TOTAL!H12/TOTAL!$C12 -> 0.0681325
A8: Q3 | 17/18 | B8: =TOTAL!D13/TOTAL!$C13 -> 0.42518955 | C8: =TOTAL!E13/TOTAL!$C13 -> 0.22135804 | D8: =TOTAL!F13/TOTAL!$C13 -> 0.14244385 | E8: =TOTAL!G13/TOTAL!$C13 -> 0.14924839 | F8: =TOTAL!H13/TOTAL!$C13 -> 0.061760176
A9: Q4 | 17/18 | B9: =TOTAL!D14/TOTAL!$C14 -> 0.41521675 | C9: =TOTAL!E14/TOTAL!$C14 -> 0.22459681 | D9: =TOTAL!F14/TOTAL!$C14 -> 0.1469282 | E9: =TOTAL!G14/TOTAL!$C14 -> 0.14447318 | F9: =TOTAL!H14/TOTAL!$C14 -> 0.068785047
A10: Q1 | 18/19 | B10: =TOTAL!D15/TOTAL!$C15 -> 0.40745948 | C10: =TOTAL!E15/TOTAL!$C15 -> 0.23703028 | D10: =TOTAL!F15/TOTAL!$C15 -> 0.13300701 | E10: =TOTAL!G15/TOTAL!$C15 -> 0.15375765 | F10: =TOTAL!H15/TOTAL!$C15 -> 0.068745589
A11: Q2 | 18/19 | B11: =TOTAL!D16/TOTAL!$C16 -> 0.41612763 | C11: =TOTAL!E16/TOTAL!$C16 -> 0.2341404 | D11: =TOTAL!F16/TOTAL!$C16 -> 0.13685306 | E11: =TOTAL!G16/TOTAL!$C16 -> 0.14943602 | F11: =TOTAL!H16/TOTAL!$C16 -> 0.063442894
A12: Q3 | 18/19 | B12: =TOTAL!D17/TOTAL!$C17 -> 0.39066765 | C12: =TOTAL!E17/TOTAL!$C17 -> 0.24418739 | D12: =TOTAL!F17/TOTAL!$C17 -> 0.1405153 | E12: =TOTAL!G17/TOTAL!$C17 -> 0.15744963 | F12: =TOTAL!H17/TOTAL!$C17 -> 0.06718002
A13: Q4 | 18/19 | B13: =TOTAL!D18/TOTAL!$C18 -> 0.39849841 | C13: =TOTAL!E18/TOTAL!$C18 -> 0.24743486 | D13: =TOTAL!F18/TOTAL!$C18 -> 0.13527909 | E13: =TOTAL!G18/TOTAL!$C18 -> 0.1542356 | F13: =TOTAL!H18/TOTAL!$C18 -> 0.064552043
... A40: Q3 | 25/26 | B40: =TOTAL!D45/TOTAL!$C45 -> 0.369419 | C40: =TOTAL!E45/TOTAL!$C45 -> 0.26231801 | D40: =TOTAL!F45/TOTAL!$C45 -> 0.12804827 | E40: =TOTAL!G45/TOTAL!$C45 -> 0.17926454 | F40: =TOTAL!H45/TOTAL!$C45 -> 0.060950177

Sheet ECA
A1: ECA Grinds
X3: =COUNT(Q16:T16) -> 4 | Y3: =OFFSET(P6,0,$X$3,1,1) -> Q4
Q5: 1 | R5: 2 | S5: 3 | T5: 4
B6: Quarter | C6: Grind | Q6: Q1 | R6: Q2 | S6: Q3 | T6: Q4 | U6: Q1-Q4 | V6: % | X6: Crop Year | Y6: =_xlfn.CONCAT("YTD (Q1 to ",Y3,")") -> YTD (Q1 to Q4) | Z6: % | AD6: Q1 | AE6: Q2 | AF6: Q3 | AG6: Q4
B7: Q1 | 16/17 | C7: =C8 -> 339741 | P7: 16/17 | Q7: =C7 -> 339741 | R7: =C8 -> 339741 | S7: =C9 -> 331970 | T7: =C10 -> 353544 | U7: =SUM(Q7:T7) -> 1364996 | X7: =P7 -> 16/17 | Y7: =SUM(OFFSET(Q7,0,0,1,$X$3)) -> 1364996 | AC7: =P7 -> 16/17 | AD7: =Q7 -> 339741 | AE7: =AD7+R7 -> 679482 | AF7: =AE7+S7 -> 1011452 | AG7: =AF7+T7 -> 1364996
B8: Q2 | 16/17 | C8: 339741 | P8: 17/18 | Q8: =C11 -> 353286 | R8: =C12 -> 358432 | S8: =C13 -> 356109 | T8: =C14 -> 363122 | U8: =SUM(Q8:T8) -> 1430949 | V8: =U8/U7-1 -> 0.048317358 | X8: =P8 -> 17/18 | Y8: =SUM(OFFSET(Q8,0,0,1,$X$3)) -> 1430949 | Z8: =Y8/Y7-1 -> 0.048317358 | AC8: =P8 -> 17/18 | AD8: =Q8 -> 353286 | AE8: =AD8+R8 -> 711718 | AF8: =AE8+S8 -> 1067827 | AG8: =AF8+T8 -> 1430949
B9: Q3 | 16/17 | C9: 331970 | P9: 18/19 | Q9: =C15 -> 359103 | R9: =C16 -> 370359 | S9: =C17 -> 344890 | T9: =C18 -> 362940 | U9: =SUM(Q9:T9) -> 1437292 | V9: =U9/U8-1 -> 0.0044327226 | X9: =P9 -> 18/19 | Y9: =SUM(OFFSET(Q9,0,0,1,$X$3)) -> 1437292 | Z9: =Y9/Y8-1 -> 0.0044327226 | AC9: =P9 -> 18/19 | AD9: =Q9 -> 359103 | AE9: =AD9+R9 -> 729462 | AF9: =AE9+S9 -> 1074352 | AG9: =AF9+T9 -> 1437292
B10: Q4 | 16/17 | C10: 353544 | P10: 19/20 | Q10: =C19 -> 355201 | R10: =C20 -> 368934 | S10: =C21 -> 314108 | T10: =C22 -> 345730 | U10: =SUM(Q10:T10) -> 1383973 | V10: =U10/U9-1 -> -0.037096846 | X10: =P10 -> 19/20 | Y10: =SUM(OFFSET(Q10,0,0,1,$X$3)) -> 1383973 | Z10: =Y10/Y9-1 -> -0.037096846 | AC10: =P10 -> 19/20 | AD10: =Q10 -> 355201 | AE10: =AD10+R10 -> 724135 | AF10: =AE10+S10 -> 1038243 | AG10: =AF10+T10 -> 1383973
B11: Q1 | 17/18 | C11: 353286 | P11: 20/21 | Q11: =C23 -> 344151 | R11: =C24 -> 357815 | S11: =C25 -> 356854 | T11: =C26 -> 375811 | U11: =SUM(Q11:T11) -> 1434631 | V11: =U11/U10-1 -> 0.036603315 | X11: =P11 -> 20/21 | Y11: =SUM(OFFSET(Q11,0,0,1,$X$3)) -> 1434631 | Z11: =Y11/Y10-1 -> 0.036603315 | AC11: =P11 -> 20/21 | AD11: =Q11 -> 344151 | AE11: =AD11+R11 -> 701966 | AF11: =AE11+S11 -> 1058820 | AG11: =AF11+T11 -> 1434631
B12: Q2 | 17/18 | C12: 358432 | P12: 21/22 | Q12: =C27 -> 365826 | R12: =C28 -> 373498 | S12: =C29 -> 364081 | T12: =C30 -> 369679 | U12: =SUM(Q12:T12) -> 1473084 | V12: =U12/U11-1 -> 0.026803408 | X12: =P12 -> 21/22 | Y12: =SUM(OFFSET(Q12,0,0,1,$X$3)) -> 1473084 | Z12: =Y12/Y11-1 -> 0.026803408 | AC12: =P12 -> 21/22 | AD12: =Q12 -> 365826 | AE12: =AD12+R12 -> 739324 | AF12: =AE12+S12 -> 1103405 | AG12: =AF12+T12 -> 1473084
B13: Q3 | 17/18 | C13: 356109 | P13: 22/23 | Q13: =IF(C31=0,"",C31) -> 359577 | R13: =IF(C32=0,"",C32) -> 375375 | S13: =IF(C33=0,"",C33) -> 343283 | T13: =IF(C34=0,NA(),C34) -> 366298 | U13: =SUM(Q13:T13) -> 1444533 | V13: =U13/U12-1 -> -0.019381787 | X13: =P13 -> 22/23 | Y13: =SUM(OFFSET(Q13,0,0,1,$X$3)) -> 1444533 | Z13: =Y13/Y12-1 -> -0.019381787 | AC13: =P13 -> 22/23 | AD13: =Q13 -> 359577 | AE13: =AD13+R13 -> 734952 | AF13: =AE13+S13 -> 1078235 | AG13: =AF13+T13 -> 1444533
B14: Q4 | 17/18 | C14: 363122 | P14: 23/24 | Q14: =C35 -> 350739 | R14: =C36 -> 367287 | S14: =C37 -> 357502 | T14: =C38 -> 354334 | U14: =SUM(Q14:T14) -> 1429862 | V14: =U14/U13-1 -> -0.010156223 | X14: =P14 -> 23/24 | Y14: =SUM(OFFSET(Q14,0,0,1,$X$3)) -> 1429862 | Z14: =Y14/Y13-1 -> -0.010156223 | AC14: =P14 -> 23/24 | AD14: =Q14 -> 350739 | AE14: =AD14+R14 -> 718026 | AF14: =AE14+S14 -> 1075528 | AG14: =AF14+T14 -> 1429862
B15: Q1 | 18/19 | C15: 359103 | P15: 24/25 | Q15: =C39 -> 331853 | R15: =C40 -> 353522 | S15: =C41 -> 331762 | T15: =C42 -> 337353 | U15: =SUM(Q15:T15) -> 1354490 | V15: =U15/U14-1 -> -0.052712779 | X15: 24/25 | Y15: =SUM(OFFSET(Q15,0,0,1,$X$3)) -> 1354490 | Z15: =Y15/Y14-1 -> -0.052712779 | AC15: =P15 -> 24/25 | AD15: =Q15 -> 331853
B16: Q2 | 18/19 | C16: 370359 | P16: 25/26 | Q16: =C43 -> 304470 | R16: =C44 -> 325895 | S16: =C45 -> 316366 | T16: =C46 -> 348215 | U16: =SUM(Q16:T16) -> 1294946 | V16: =U16/U15-1 -> -0.043960457 | X16: 25/26 | Y16: =SUM(OFFSET(Q16,0,0,1,$X$3)) -> 1294946 | Z16: =Y16/Y15-1 -> -0.043960457
B17: Q3 | 18/19 | C17: 344890 | P17: 26/27 | X17: 26/27
B18: Q4 | 18/19 | C18: 362940
B19: Q1 | 19/20 | C19: 355201 | P19: YoY Change | X19: Choose Quarter | Z19: Q4
B20: Q2 | 19/20 | C20: 368934 | Q20: Q1 | R20: Q2 | S20: Q3 | T20: Q4
B21: Q3 | 19/20 | C21: 314108 | P21: =P7 -> 16/17
B22: Q4 | 19/20 | C22: 345730 | P22: =P8 -> 17/18 | Q22: =IFERROR(Q8/Q7-1,"") -> 0.039868606 | R22: =IFERROR(R8/R7-1,"") -> 0.055015438 | S22: =IFERROR(S8/S7-1,"") -> 0.072714402 | T22: =IFERROR(T8/T7-1,"") -> 0.027091395
B23: Q1 | 20/21 | C23: 344151 | P23: =P9 -> 18/19 | Q23: =IFERROR(Q9/Q8-1,"") -> 0.016465413 | R23: =IFERROR(R9/R8-1,"") -> 0.033275489 | S23: =IFERROR(S9/S8-1,"") -> -0.031504399 | T23: =IFERROR(T9/T8-1,"") -> -0.00050120896 | Y23: =_xlfn.XLOOKUP(Z19,Q6:T6,Q5:T5) -> 4
B24: Q2 | 20/21 | C24: 357815 | P24: =P10 -> 19/20 | Q24: =IFERROR(Q10/Q9-1,"") -> -0.010865963 | R24: =IFERROR(R10/R9-1,"") -> -0.0038476181 | S24: =IFERROR(S10/S9-1,"") -> -0.089251645 | T24: =IFERROR(T10/T9-1,"") -> -0.047418306 | Y24: Year
B25: Q3 | 20/21 | C25: 356854 | P25: =P11 -> 20/21 | Q25: =IFERROR(Q11/Q10-1,"") -> -0.031109147 | R25: =IFERROR(R11/R10-1,"") -> -0.030138182 | S25: =IFERROR(S11/S10-1,"") -> 0.13608695 | T25: =IFERROR(T11/T10-1,"") -> 0.087007202 | Y25: =P21 -> 16/17 | Z25: {=OFFSET(P7,0,$Y$23,COUNT($Q$7:$Q$16),1)} -> 353544 | AB25: =_xlfn.CONCAT(A1," ",Z19," across Years") -> ECA Grinds Q4 across Years
B26: Q4 | 20/21 | C26: 375811 | P26: =P12 -> 21/22 | Q26: =IFERROR(Q12/Q11-1,"") -> 0.062981075 | R26: =IFERROR(R12/R11-1,"") -> 0.043829912 | S26: =IFERROR(S12/S11-1,"") -> 0.02025198 | T26: =IFERROR(T12/T11-1,"") -> -0.016316712 | Y26: =P22 -> 17/18 | Z26: 363122
B27: Q1 | 21/22 | C27: 365826 | P27: =P13 -> 22/23 | Q27: =IFERROR(Q13/Q12-1,"") -> -0.017081891 | R27: =IFERROR(R13/R12-1,"") -> 0.005025462 | S27: =IFERROR(S13/S12-1,"") -> -0.057124651 | T27: =IFERROR(T13/T12-1,"") -> -0.0091457724 | Y27: =P23 -> 18/19 | Z27: 362940
B28: Q2 | 21/22 | C28: 373498 | P28: =P14 -> 23/24 | Q28: =IFERROR(Q14/Q13-1,"") -> -0.02457888 | R28: =IFERROR(R14/R13-1,"") -> -0.021546454 | S28: =IFERROR(S14/S13-1,"") -> 0.041420635 | T28: =IFERROR(T14/T13-1,"") -> -0.032661931 | Y28: =P24 -> 19/20 | Z28: 345730
B29: Q3 | 21/22 | C29: 364081 | P29: 24/25 | Q29: =IFERROR(Q15/Q14-1,"") -> -0.053846307 | R29: =IFERROR(R15/R14-1,"") -> -0.037477504 | S29: =IFERROR(S15/S14-1,"") -> -0.071999597 | T29: =IFERROR(T15/T14-1,"") -> -0.04792371 | Y29: =P25 -> 20/21 | Z29: 375811
B30: Q4 | 21/22 | C30: 369679 | P30: 25/26 | Q30: =IFERROR(Q16/Q15-1,"") -> -0.082515451 | R30: =IFERROR(R16/R15-1,"") -> -0.078147895 | S30: =IFERROR(S16/S15-1,"") -> -0.046406761 | T30: =IFERROR(T16/T15-1,"") -> 0.032197728 | Y30: =P26 -> 21/22 | Z30: 369679
B31: Q1 | 22/23 | C31: 359577 | Y31: =P27 -> 22/23 | Z31: 366298
B32: Q2 | 22/23 | C32: 375375 | Y32: =P28 -> 23/24 | Z32: 354334
B33: Q3 | 22/23 | C33: 343283 | P33: QoQ Change | Y33: =P29 -> 24/25 | Z33: 337353
B34: Q4 | 22/23 | C34: 366298 | Q34: Q1 | R34: Q2 | S34: Q3 | T34: Q4 | Y34: 25/26 | Z34: 348215
B35: Q1 | 23/24 | C35: 350739 | P35: =P21 -> 16/17 | R35: =IFERROR(R7/Q7-1,"") -> 0 | S35: =IFERROR(S7/R7-1,"") -> -0.022873306 | T35: =IFERROR(T7/S7-1,"") -> 0.0649878
B36: Q2 | 23/24 | C36: 367287 | P36: =P22 -> 17/18 | Q36: =IFERROR(Q8/T7-1,"") -> -0.00072975358 | R36: =IFERROR(R8/Q8-1,"") -> 0.014566102 | S36: =IFERROR(S8/R8-1,"") -> -0.0064810062 | T36: =IFERROR(T8/S8-1,"") -> 0.019693408
B37: Q3 | 23/24 | C37: 357502 | P37: =P23 -> 18/19 | Q37: =IFERROR(Q9/T8-1,"") -> -0.011067906 | R37: =IFERROR(R9/Q9-1,"") -> 0.031344767 | S37: =IFERROR(S9/R9-1,"") -> -0.068768411 | T37: =IFERROR(T9/S9-1,"") -> 0.052335527
B38: Q4 | 23/24 | C38: 354334 | P38: =P24 -> 19/20 | Q38: =IFERROR(Q10/T9-1,"") -> -0.021323084 | R38: =IFERROR(R10/Q10-1,"") -> 0.038662616 | S38: =IFERROR(S10/R10-1,"") -> -0.14860653 | T38: =IFERROR(T10/S10-1,"") -> 0.10067238
B39: Q1 | 24/25 | C39: 331853 | P39: =P25 -> 20/21 | Q39: =IFERROR(Q11/T10-1,"") -> -0.0045671478 | R39: =IFERROR(R11/Q11-1,"") -> 0.039703502 | S39: =IFERROR(S11/R11-1,"") -> -0.0026857454 | T39: =IFERROR(T11/S11-1,"") -> 0.053122566
B40: Q2 | 24/25 | C40: 353522 | P40: =P26 -> 21/22 | Q40: =IFERROR(Q12/T11-1,"") -> -0.026569206 | R40: =IFERROR(R12/Q12-1,"") -> 0.020971719 | S40: =IFERROR(S12/R12-1,"") -> -0.025212986 | T40: =IFERROR(T12/S12-1,"") -> 0.015375699
B41: Q3 | 24/25 | C41: 331762 | P41: =P27 -> 22/23 | Q41: =IFERROR(Q13/T12-1,"") -> -0.02732641 | R41: =IFERROR(R13/Q13-1,"") -> 0.043934957 | S41: =IFERROR(S13/R13-1,"") -> -0.085493173 | T41: =IFERROR(T13/S13-1,"") -> 0.067043809
B42: Q4 | 24/25 | C42: 337353 | P42: =P28 -> 23/24 | Q42: =IFERROR(Q14/T13-1,"") -> -0.042476344 | R42: =IFERROR(R14/Q14-1,"") -> 0.047180382 | S42: =IFERROR(S14/R14-1,"") -> -0.026641291 | T42: =IFERROR(T14/S14-1,"") -> -0.0088614889
B43: Q1 | 25/26 | C43: 304470 | P43: 24/25 | Q43: =IFERROR(Q15/T14-1,"") -> -0.063445788 | R43: =IFERROR(R15/Q15-1,"") -> 0.065296984 | S43: =IFERROR(S15/R15-1,"") -> -0.061552039 | T43: =IFERROR(T15/S15-1,"") -> 0.016852442
B44: Q2 | 25/26 | C44: 325895 | P44: 25/26 | Q44: =IFERROR(Q16/T15-1,"") -> -0.097473566 | R44: =IFERROR(R16/Q16-1,"") -> 0.070368181 | S44: =IFERROR(S16/R16-1,"") -> -0.029239479 | T44: =IFERROR(T16/S16-1,"") -> 0.10067137
B45: Q3 | 25/26 | C45: 316366
B46: Q4 | 25/26 | C46: 348215
K50: 340160.64
K51: =K47*0.96 -> 0
Y52: =Y53/(1+Y55) -> 363269.42 | AA52: =Y53/Y52-1 -> -0.009
Y53: 360000
Y55: -0.009

Sheet ECA (Larger History)
A1: ECA Grinds
X3: =COUNT(Q16:T16) -> 1 | Y3: =OFFSET(P6,0,$X$3,1,1) -> Q1
Q5: 1 | R5: 2 | S5: 3 | T5: 4
B6: Quarter | C6: Grind | Q6: Q1 | R6: Q2 | S6: Q3 | T6: Q4 | U6: Q1-Q4 | V6: % | X6: Crop Year | Y6: =_xlfn.CONCAT("YTD (Q1 to ",Y3,")") -> YTD (Q1 to Q1) | Z6: % | AD6: Q1 | AE6: Q2 | AF6: Q3 | AG6: Q4
B7: Q1 | 16/17 | C7: =C8 -> 339741 | P7: 16/17 | Q7: =C7 -> 339741 | R7: =C8 -> 339741 | S7: =C9 -> 331970 | T7: =C10 -> 353544 | U7: =SUM(Q7:T7) -> 1364996 | X7: =P7 -> 16/17 | Y7: =SUM(OFFSET(Q7,0,0,1,$X$3)) -> 339741 | AC7: =P7 -> 16/17 | AD7: =Q7 -> 339741 | AE7: =AD7+R7 -> 679482 | AF7: =AE7+S7 -> 1011452 | AG7: =AF7+T7 -> 1364996
B8: Q2 | 16/17 | C8: 339741 | P8: 17/18 | Q8: =C11 -> 353286 | R8: =C12 -> 358432 | S8: =C13 -> 356109 | T8: =C14 -> 363122 | U8: =SUM(Q8:T8) -> 1430949 | V8: =U8/U7-1 -> 0.048317358 | X8: =P8 -> 17/18 | Y8: =SUM(OFFSET(Q8,0,0,1,$X$3)) -> 353286 | Z8: =Y8/Y7-1 -> 0.039868606 | AC8: =P8 -> 17/18 | AD8: =Q8 -> 353286 | AE8: =AD8+R8 -> 711718 | AF8: =AE8+S8 -> 1067827 | AG8: =AF8+T8 -> 1430949
B9: Q3 | 16/17 | C9: 331970 | P9: 18/19 | Q9: =C15 -> 359103 | R9: =C16 -> 370359 | S9: =C17 -> 344890 | T9: =C18 -> 362940 | U9: =SUM(Q9:T9) -> 1437292 | V9: =U9/U8-1 -> 0.0044327226 | X9: =P9 -> 18/19 | Y9: =SUM(OFFSET(Q9,0,0,1,$X$3)) -> 359103 | Z9: =Y9/Y8-1 -> 0.016465413 | AC9: =P9 -> 18/19 | AD9: =Q9 -> 359103 | AE9: =AD9+R9 -> 729462 | AF9: =AE9+S9 -> 1074352 | AG9: =AF9+T9 -> 1437292
B10: Q4 | 16/17 | C10: 353544 | P10: 19/20 | Q10: =C19 -> 355201 | R10: =C20 -> 368934 | S10: =C21 -> 314108 | T10: =C22 -> 345730 | U10: =SUM(Q10:T10) -> 1383973 | V10: =U10/U9-1 -> -0.037096846 | X10: =P10 -> 19/20 | Y10: =SUM(OFFSET(Q10,0,0,1,$X$3)) -> 355201 | Z10: =Y10/Y9-1 -> -0.010865963 | AC10: =P10 -> 19/20 | AD10: =Q10 -> 355201 | AE10: =AD10+R10 -> 724135 | AF10: =AE10+S10 -> 1038243 | AG10: =AF10+T10 -> 1383973
B11: Q1 | 17/18 | C11: 353286 | P11: 20/21 | Q11: =C23 -> 344151 | R11: =C24 -> 357815 | S11: =C25 -> 356854 | T11: =C26 -> 375811 | U11: =SUM(Q11:T11) -> 1434631 | V11: =U11/U10-1 -> 0.036603315 | X11: =P11 -> 20/21 | Y11: =SUM(OFFSET(Q11,0,0,1,$X$3)) -> 344151 | Z11: =Y11/Y10-1 -> -0.031109147 | AC11: =P11 -> 20/21 | AD11: =Q11 -> 344151 | AE11: =AD11+R11 -> 701966 | AF11: =AE11+S11 -> 1058820 | AG11: =AF11+T11 -> 1434631
B12: Q2 | 17/18 | C12: 358432 | P12: 21/22 | Q12: =C27 -> 365826 | R12: =C28 -> 373498 | S12: =C29 -> 364081 | T12: =C30 -> 369679 | U12: =SUM(Q12:T12) -> 1473084 | V12: =U12/U11-1 -> 0.026803408 | X12: =P12 -> 21/22 | Y12: =SUM(OFFSET(Q12,0,0,1,$X$3)) -> 365826 | Z12: =Y12/Y11-1 -> 0.062981075 | AC12: =P12 -> 21/22 | AD12: =Q12 -> 365826 | AE12: =AD12+R12 -> 739324 | AF12: =AE12+S12 -> 1103405 | AG12: =AF12+T12 -> 1473084
B13: Q3 | 17/18 | C13: 356109 | P13: 22/23 | Q13: =IF(C31=0,"",C31) -> 359577 | R13: =IF(C32=0,"",C32) -> 375375 | S13: =IF(C33=0,"",C33) -> 343283 | T13: =IF(C34=0,NA(),C34) -> 366298 | U13: =SUM(Q13:T13) -> 1444533 | V13: =U13/U12-1 -> -0.019381787 | X13: =P13 -> 22/23 | Y13: =SUM(OFFSET(Q13,0,0,1,$X$3)) -> 359577 | Z13: =Y13/Y12-1 -> -0.017081891 | AC13: =P13 -> 22/23 | AD13: =Q13 -> 359577 | AE13: =AD13+R13 -> 734952 | AF13: =AE13+S13 -> 1078235 | AG13: =AF13+T13 -> 1444533
B14: Q4 | 17/18 | C14: 363122 | P14: 23/24 | Q14: =C35 -> 350739 | R14: =C36 -> 367287 | S14: =C37 -> 357502 | T14: =C38 -> 354334 | U14: =SUM(Q14:T14) -> 1429862 | V14: =U14/U13-1 -> -0.010156223 | X14: =P14 -> 23/24 | Y14: =SUM(OFFSET(Q14,0,0,1,$X$3)) -> 350739 | Z14: =Y14/Y13-1 -> -0.02457888 | AC14: =P14 -> 23/24 | AD14: =Q14 -> 350739 | AE14: =AD14+R14 -> 718026 | AF14: =AE14+S14 -> 1075528 | AG14: =AF14+T14 -> 1429862
B15: Q1 | 18/19 | C15: 359103 | P15: 24/25 | Q15: =C39 -> 331853 | R15: =C40 -> 353522 | S15: =C41 -> 331762 | T15: =C42 -> 337353 | U15: =SUM(Q15:T15) -> 1354490 | V15: =U15/U14-1 -> -0.052712779 | X15: 24/25 | Y15: =SUM(OFFSET(Q15,0,0,1,$X$3)) -> 331853 | Z15: =Y15/Y14-1 -> -0.053846307 | AC15: =P15 -> 24/25 | AD15: =Q15 -> 331853
B16: Q2 | 18/19 | C16: 370359 | P16: 25/26 | Q16: =C43 -> 304470 | X16: 25/26 | Y16: =SUM(OFFSET(Q16,0,0,1,$X$3)) -> 304470 | Z16: =Y16/Y15-1 -> -0.082515451
B17: Q3 | 18/19 | C17: 344890 | P17: 26/27 | X17: 26/27
B18: Q4 | 18/19 | C18: 362940
B19: Q1 | 19/20 | C19: 355201 | X19: Choose Quarter | Z19: Q1
B20: Q2 | 19/20 | C20: 368934
B21: Q3 | 19/20 | C21: 314108
B22: Q4 | 19/20 | C22: 345730
B23: Q1 | 20/21 | C23: 344151 | Y23: =_xlfn.XLOOKUP(Z19,Q6:T6,Q5:T5) -> 1
B24: Q2 | 20/21 | C24: 357815 | Y24: Year
B25: Q3 | 20/21 | C25: 356854 | Y25: =P50 -> 16/17 | Z25: {=OFFSET(P7,0,$Y$23,COUNT($Q$7:$Q$16),1)} -> 339741 | AB25: =_xlfn.CONCAT(A1," ",Z19," across Years") -> ECA Grinds Q1 across Years
B26: Q4 | 20/21 | C26: 375811 | Y26: =P51 -> 17/18 | Z26: 353286
B27: Q1 | 21/22 | C27: 365826 | Y27: =P52 -> 18/19 | Z27: 359103
B28: Q2 | 21/22 | C28: 373498 | Y28: =P53 -> 19/20 | Z28: 355201
B29: Q3 | 21/22 | C29: 364081 | Y29: =P54 -> 20/21 | Z29: 344151
B30: Q4 | 21/22 | C30: 369679 | Y30: =P55 -> 21/22 | Z30: 365826
B31: Q1 | 22/23 | C31: 359577 | Y31: =P56 -> 22/23 | Z31: 359577
B32: Q2 | 22/23 | C32: 375375 | Y32: =P57 -> 23/24 | Z32: 350739
B33: Q3 | 22/23 | C33: 343283 | Y33: =P58 -> 24/25 | Z33: 331853
B34: Q4 | 22/23 | C34: 366298 | Y34: 25/26 | Z34: 304470
B35: Q1 | 23/24 | C35: 350739
B36: Q2 | 23/24 | C36: 367287
B37: Q3 | 23/24 | C37: 357502
B38: Q4 | 23/24 | C38: 354334
B39: Q1 | 24/25 | C39: 331853
B40: Q2 | 24/25 | C40: 353522
B41: Q3 | 24/25 | C41: 331762
B42: Q4 | 24/25 | C42: 337353
B43: Q1 | 25/26 | C43: 304470
B44: Q2 | 25/26
B45: Q3 | 25/26
B46: Q4 | 25/26
P48: YoY Change
Q49: Q1 | R49: Q2 | S49: Q3 | T49: Q4
P50: =P7 -> 16/17
P51: =P8 -> 17/18 | Q51: =IFERROR(Q8/Q7-1,"") -> 0.039868606 | R51: =IFERROR(R8/R7-1,"") -> 0.055015438 | S51: =IFERROR(S8/S7-1,"") -> 0.072714402 | T51: =IFERROR(T8/T7-1,"") -> 0.027091395
P52: =P9 -> 18/19 | Q52: =IFERROR(Q9/Q8-1,"") -> 0.016465413 | R52: =IFERROR(R9/R8-1,"") -> 0.033275489 | S52: =IFERROR(S9/S8-1,"") -> -0.031504399 | T52: =IFERROR(T9/T8-1,"") -> -0.00050120896
P53: =P10 -> 19/20 | Q53: =IFERROR(Q10/Q9-1,"") -> -0.010865963 | R53: =IFERROR(R10/R9-1,"") -> -0.0038476181 | S53: =IFERROR(S10/S9-1,"") -> -0.089251645 | T53: =IFERROR(T10/T9-1,"") -> -0.047418306
P54: =P11 -> 20/21 | Q54: =IFERROR(Q11/Q10-1,"") -> -0.031109147 | R54: =IFERROR(R11/R10-1,"") -> -0.030138182 | S54: =IFERROR(S11/S10-1,"") -> 0.13608695 | T54: =IFERROR(T11/T10-1,"") -> 0.087007202
P55: =P12 -> 21/22 | Q55: =IFERROR(Q12/Q11-1,"") -> 0.062981075 | R55: =IFERROR(R12/R11-1,"") -> 0.043829912 | S55: =IFERROR(S12/S11-1,"") -> 0.02025198 | T55: =IFERROR(T12/T11-1,"") -> -0.016316712
P56: =P13 -> 22/23 | Q56: =IFERROR(Q13/Q12-1,"") -> -0.017081891 | R56: =IFERROR(R13/R12-1,"") -> 0.005025462 | S56: =IFERROR(S13/S12-1,"") -> -0.057124651 | T56: =IFERROR(T13/T12-1,"") -> -0.0091457724
P57: =P14 -> 23/24 | Q57: =IFERROR(Q14/Q13-1,"") -> -0.02457888 | R57: =IFERROR(R14/R13-1,"") -> -0.021546454 | S57: =IFERROR(S14/S13-1,"") -> 0.041420635 | T57: =IFERROR(T14/T13-1,"") -> -0.032661931
P58: 24/25 | Q58: =IFERROR(Q15/Q14-1,"") -> -0.053846307 | R58: =IFERROR(R15/R14-1,"") -> -0.037477504 | S58: =IFERROR(S15/S14-1,"") -> -0.071999597 | T58: =IFERROR(T15/T14-1,"") -> -0.04792371
P59: 25/26 | Q59: =IFERROR(Q16/Q15-1,"") -> -0.082515451
P62: QoQ Change
Q63: Q1 | R63: Q2 | S63: Q3 | T63: Q4
P64: =P50 -> 16/17 | R64: =IFERROR(R7/Q7-1,"") -> 0 | S64: =IFERROR(S7/R7-1,"") -> -0.022873306 | T64: =IFERROR(T7/S7-1,"") -> 0.0649878
P65: =P51 -> 17/18 | Q65: =IFERROR(Q8/T7-1,"") -> -0.00072975358 | R65: =IFERROR(R8/Q8-1,"") -> 0.014566102 | S65: =IFERROR(S8/R8-1,"") -> -0.0064810062 | T65: =IFERROR(T8/S8-1,"") -> 0.019693408
P66: =P52 -> 18/19 | Q66: =IFERROR(Q9/T8-1,"") -> -0.011067906 | R66: =IFERROR(R9/Q9-1,"") -> 0.031344767 | S66: =IFERROR(S9/R9-1,"") -> -0.068768411 | T66: =IFERROR(T9/S9-1,"") -> 0.052335527
P67: =P53 -> 19/20 | Q67: =IFERROR(Q10/T9-1,"") -> -0.021323084 | R67: =IFERROR(R10/Q10-1,"") -> 0.038662616 | S67: =IFERROR(S10/R10-1,"") -> -0.14860653 | T67: =IFERROR(T10/S10-1,"") -> 0.10067238
P68: =P54 -> 20/21 | Q68: =IFERROR(Q11/T10-1,"") -> -0.0045671478 | R68: =IFERROR(R11/Q11-1,"") -> 0.039703502 | S68: =IFERROR(S11/R11-1,"") -> -0.0026857454 | T68: =IFERROR(T11/S11-1,"") -> 0.053122566
P69: =P55 -> 21/22 | Q69: =IFERROR(Q12/T11-1,"") -> -0.026569206 | R69: =IFERROR(R12/Q12-1,"") -> 0.020971719 | S69: =IFERROR(S12/R12-1,"") -> -0.025212986 | T69: =IFERROR(T12/S12-1,"") -> 0.015375699
P70: =P56 -> 22/23 | Q70: =IFERROR(Q13/T12-1,"") -> -0.02732641 | R70: =IFERROR(R13/Q13-1,"") -> 0.043934957 | S70: =IFERROR(S13/R13-1,"") -> -0.085493173 | T70: =IFERROR(T13/S13-1,"") -> 0.067043809
P71: =P57 -> 23/24 | Q71: =IFERROR(Q14/T13-1,"") -> -0.042476344 | R71: =IFERROR(R14/Q14-1,"") -> 0.047180382 | S71: =IFERROR(S14/R14-1,"") -> -0.026641291 | T71: =IFERROR(T14/S14-1,"") -> -0.0088614889
P72: 24/25 | Q72: =IFERROR(Q15/T14-1,"") -> -0.063445788 | R72: =IFERROR(R15/Q15-1,"") -> 0.065296984 | S72: =IFERROR(S15/R15-1,"") -> -0.061552039 | T72: =IFERROR(T15/S15-1,"") -> 0.016852442
P73: 25/26 | Q73: =IFERROR(Q16/T15-1,"") -> -0.097473566

Sheet History Maker
F3: Quarter | G3: Crop Year | H3: Name | I3: Grind | J3: Rows | K3: Column | AB3: COC-GRN-ECA
F4: Q1 | G4: 0/1 | H4: Q1 | 0/1 | I4: 307473 | J4: 1 | K4: 1 | P4: Sum of Grind | Q4: Column Labels
F5: Q2 | G5: 0/1 | H5: Q2 | 0/1 | I5: 307764 | J5: 1 | K5: 2 | P5: Row Labels | Q5: 1 | R5: 2 | S5: 3 | T5: 4 | X5: =_xll.RDP.HistoricalPricing($AB$3,"CLOSE","SOURCE:RFV NBROWS:2500 INTERVAL:P3M",,"SORT:ASC CH:Fd RH:Timestamp",Z6) -> Not Signed In
F6: Q3 | G6: 0/1 | H6: Q3 | 0/1 | I6: 284048 | J6: 1 | K6: 3 | P6: 1 | Q6: 307473 | R6: 307764 | S6: 284048 | T6: 287709 | Z6: Timestamp | AA6: CLOSE
F7: Q4 | G7: 0/1 | H7: Q4 | 0/1 | I7: 287709 | J7: 1 | K7: 4 | P7: 2 | Q7: 286947 | R7: 264755 | S7: 257570 | T7: 271041 | Z7: 36250 | AA7: 261792
F8: Q1 | G8: 1/2 | H8: Q1 | 1/2 | I8: 286947 | J8: =J4+1 -> 2 | K8: =K4 -> 1 | P8: 3 | Q8: 282501 | R8: 276070 | S8: 270197 | T8: 279675 | Z8: 36341 | AA8: 262073
F9: Q2 | G9: 1/2 | H9: Q2 | 1/2 | I9: 264755 | J9: =J5+1 -> 2 | K9: =K5 -> 2 | P9: 4 | Q9: 302988 | R9: 292367 | S9: 272570 | T9: 287040 | Z9: 36433 | AA9: 259907
F10: Q3 | G10: 1/2 | H10: Q3 | 1/2 | I10: 257570 | J10: =J6+1 -> 2 | K10: =K6 -> 3 | P10: 5 | Q10: 301214 | R10: 295061 | S10: 295926 | T10: 311627 | Z10: 36525 | AA10: 285952
F11: Q4 | G11: 1/2 | H11: Q4 | 1/2 | I11: 271041 | J11: =J7+1 -> 2 | K11: =K7 -> 4 | P11: 6 | Q11: 317000 | R11: 324173 | S11: 312817 | T11: 324903 | Z11: 36616 | AA11: 292628
F12: Q1 | G12: 2/3 | H12: Q1 | 2/3 | I12: 282501 | J12: =J8+1 -> 3 | K12: =K8 -> 1 | P12: 7 | Q12: 338922 | R12: 338495 | S12: 323353 | T12: 351040 | Z12: 36707 | AA12: 275663
F13: Q2 | G13: 2/3 | H13: Q2 | 2/3 | I13: 276070 | J13: =J9+1 -> 3 | K13: =K9 -> 2 | P13: 8 | Q13: 348901 | R13: 354571 | S13: 328920 | T13: 348501 | Z13: 36799 | AA13: 297164
F14: Q3 | G14: 2/3 | H14: Q3 | 2/3 | I14: 270197 | J14: =J10+1 -> 3 | K14: =K10 -> 3 | P14: 9 | Q14: 349351 | R14: 315177 | S14: 291763 | T14: 344832 | Z14: 36891 | AA14: 307473 | AF14: Q1 | AG14: 0/1 | AH14: =_xlfn.CONCAT(AF14," | ",AG14) -> Q1 | 0/1 | AI14: =AA14 -> 307473
F15: Q4 | G15: 2/3 | H15: Q4 | 2/3 | I15: 279675 | J15: =J11+1 -> 3 | K15: =K11 -> 4 | P15: 10 | Q15: 351316 | R15: 341096 | S15: 328426 | T15: 330900 | Z15: 36981 | AA15: 307764 | AF15: Q2 | AG15: =AG14 -> 0/1 | AH15: =_xlfn.CONCAT(AF15," | ",AG15) -> Q2 | 0/1 | AI15: =AA15 -> 307764
F16: Q1 | G16: 3/4 | H16: Q1 | 3/4 | I16: 302988 | J16: =J12+1 -> 4 | K16: =K12 -> 1 | P16: 11 | Q16: 343243 | R16: 354603 | S16: 355763 | T16: 378042 | Z16: 37072 | AA16: 284048 | AF16: Q3 | AG16: =AG15 -> 0/1 | AH16: =_xlfn.CONCAT(AF16," | ",AG16) -> Q3 | 0/1 | AI16: =AA16 -> 284048
F17: Q2 | G17: 3/4 | H17: Q2 | 3/4 | I17: 292367 | J17: =J13+1 -> 4 | K17: =K13 -> 2 | P17: 12 | Q17: 349756 | R17: 353311 | S17: 292551 | T17: 316676 | Z17: 37164 | AA17: 287709 | AF17: Q4 | AG17: =AG16 -> 0/1 | AH17: =_xlfn.CONCAT(AF17," | ",AG17) -> Q4 | 0/1 | AI17: =AA17 -> 287709
F18: Q3 | G18: 3/4 | H18: Q3 | 3/4 | I18: 272570 | J18: =J14+1 -> 4 | K18: =K14 -> 3 | P18: 13 | Q18: 327982 | R18: 339377 | S18: 310188 | T18: 331514 | Z18: 37256 | AA18: 286947 | AF18: Q1 | AG18: 1/2 | AH18: =_xlfn.CONCAT(AF18," | ",AG18) -> Q1 | 1/2 | AI18: =AA18 -> 286947
F19: Q4 | G19: 3/4 | H19: Q4 | 3/4 | I19: 287040 | J19: =J15+1 -> 4 | K19: =K15 -> 4 | P19: 14 | Q19: 348963 | R19: 343210 | S19: 308236 | T19: 327316 | Z19: 37346 | AA19: 264755 | AF19: Q2 | AG19: =AG18 -> 1/2 | AH19: =_xlfn.CONCAT(AF19," | ",AG19) -> Q2 | 1/2 | AI19: =AA19 -> 264755
F20: Q1 | G20: 4/5 | H20: Q1 | 4/5 | I20: 301214 | J20: =J16+1 -> 5 | K20: =K16 -> 1 | P20: 15 | Q20: 321935 | R20: 337425 | S20: 310158 | T20: 333002 | Z20: 37437 | AA20: 257570 | AF20: Q3 | AG20: =AG19 -> 1/2 | AH20: =_xlfn.CONCAT(AF20," | ",AG20) -> Q3 | 1/2 | AI20: =AA20 -> 257570
F21: Q2 | G21: 4/5 | H21: Q2 | 4/5 | I21: 295061 | J21: =J17+1 -> 5 | K21: =K17 -> 2 | P21: 16 | Q21: 340986 | R21: 335806 | S21: 325698 | T21: 343238 | Z21: 37529 | AA21: 271041 | AF21: Q4 | AG21: =AG20 -> 1/2 | AH21: =_xlfn.CONCAT(AF21," | ",AG21) -> Q4 | 1/2 | AI21: =AA21 -> 271041
F22: Q3 | G22: 4/5 | H22: Q3 | 4/5 | I22: 295926 | J22: =J18+1 -> 5 | K22: =K18 -> 3 | Z22: 37621 | AA22: 282501 | AF22: Q1 | AG22: 2/3 | AH22: =_xlfn.CONCAT(AF22," | ",AG22) -> Q1 | 2/3 | AI22: =AA22 -> 282501
F23: Q4 | G23: 4/5 | H23: Q4 | 4/5 | I23: 311627 | J23: =J19+1 -> 5 | K23: =K19 -> 4 | Z23: 37711 | AA23: 276070 | AF23: Q2 | AG23: =AG22 -> 2/3 | AH23: =_xlfn.CONCAT(AF23," | ",AG23) -> Q2 | 2/3 | AI23: =AA23 -> 276070
F24: Q1 | G24: 5/6 | H24: Q1 | 5/6 | I24: 317000 | J24: =J20+1 -> 6 | K24: =K20 -> 1 | Z24: 37802 | AA24: 270197 | AF24: Q3 | AG24: =AG23 -> 2/3 | AH24: =_xlfn.CONCAT(AF24," | ",AG24) -> Q3 | 2/3 | AI24: =AA24 -> 270197
F25: Q2 | G25: 5/6 | H25: Q2 | 5/6 | I25: 324173 | J25: =J21+1 -> 6 | K25: =K21 -> 2 | Z25: 37894 | AA25: 279675 | AF25: Q4 | AG25: =AG24 -> 2/3 | AH25: =_xlfn.CONCAT(AF25," | ",AG25) -> Q4 | 2/3 | AI25: =AA25 -> 279675
F26: Q3 | G26: 5/6 | H26: Q3 | 5/6 | I26: 312817 | J26: =J22+1 -> 6 | K26: =K22 -> 3 | Q26: 1 | R26: 2 | S26: 3 | T26: 4 | Z26: 37986 | AA26: 302988 | AF26: Q1 | AG26: 3/4 | AH26: =_xlfn.CONCAT(AF26," | ",AG26) -> Q1 | 3/4 | AI26: =AA26 -> 302988
F27: Q4 | G27: 5/6 | H27: Q4 | 5/6 | I27: 324903 | J27: =J23+1 -> 6 | K27: =K23 -> 4 | O27: =_xlfn.XLOOKUP(P27,J:J,G:G) -> 0/1 | P27: 1 | Q27: 307473 | R27: 307764 | S27: 284048 | T27: 287709 | Z27: 38077 | AA27: 292367 | AF27: Q2 | AG27: =AG26 -> 3/4 | AH27: =_xlfn.CONCAT(AF27," | ",AG27) -> Q2 | 3/4 | AI27: =AA27 -> 292367
F28: Q1 | G28: 6/7 | H28: Q1 | 6/7 | I28: 338922 | J28: =J24+1 -> 7 | K28: =K24 -> 1 | O28: =_xlfn.XLOOKUP(P28,J:J,G:G) -> 1/2 | P28: 2 | Q28: 286947 | R28: 264755 | S28: 257570 | T28: 271041 | Z28: 38168 | AA28: 272570 | AF28: Q3 | AG28: =AG27 -> 3/4 | AH28: =_xlfn.CONCAT(AF28," | ",AG28) -> Q3 | 3/4 | AI28: =AA28 -> 272570
F29: Q2 | G29: 6/7 | H29: Q2 | 6/7 | I29: 338495 | J29: =J25+1 -> 7 | K29: =K25 -> 2 | O29: =_xlfn.XLOOKUP(P29,J:J,G:G) -> 2/3 | P29: 3 | Q29: 282501 | R29: 276070 | S29: 270197 | T29: 279675 | Z29: 38260 | AA29: 287040 | AF29: Q4 | AG29: =AG28 -> 3/4 | AH29: =_xlfn.CONCAT(AF29," | ",AG29) -> Q4 | 3/4 | AI29: =AA29 -> 287040
F30: Q3 | G30: 6/7 | H30: Q3 | 6/7 | I30: 323353 | J30: =J26+1 -> 7 | K30: =K26 -> 3 | O30: =_xlfn.XLOOKUP(P30,J:J,G:G) -> 3/4 | P30: 4 | Q30: 302988 | R30: 292367 | S30: 272570 | T30: 287040 | Z30: 38352 | AA30: 301214 | AF30: Q1 | AG30: 4/5 | AH30: =_xlfn.CONCAT(AF30," | ",AG30) -> Q1 | 4/5 | AI30: =AA30 -> 301214
F31: Q4 | G31: 6/7 | H31: Q4 | 6/7 | I31: 351040 | J31: =J27+1 -> 7 | K31: =K27 -> 4 | O31: =_xlfn.XLOOKUP(P31,J:J,G:G) -> 4/5 | P31: 5 | Q31: 301214 | R31: 295061 | S31: 295926 | T31: 311627 | Z31: 38442 | AA31: 295061 | AF31: Q2 | AG31: =AG30 -> 4/5 | AH31: =_xlfn.CONCAT(AF31," | ",AG31) -> Q2 | 4/5 | AI31: =AA31 -> 295061
F32: Q1 | G32: 7/8 | H32: Q1 | 7/8 | I32: 348901 | J32: =J28+1 -> 8 | K32: =K28 -> 1 | O32: =_xlfn.XLOOKUP(P32,J:J,G:G) -> 5/6 | P32: 6 | Q32: 317000 | R32: 324173 | S32: 312817 | T32: 324903 | Z32: 38533 | AA32: 295926 | AF32: Q3 | AG32: =AG31 -> 4/5 | AH32: =_xlfn.CONCAT(AF32," | ",AG32) -> Q3 | 4/5 | AI32: =AA32 -> 295926
F33: Q2 | G33: 7/8 | H33: Q2 | 7/8 | I33: 354571 | J33: =J29+1 -> 8 | K33: =K29 -> 2 | O33: =_xlfn.XLOOKUP(P33,J:J,G:G) -> 6/7 | P33: 7 | Q33: 338922 | R33: 338495 | S33: 323353 | T33: 351040 | Z33: 38625 | AA33: 311627 | AF33: Q4 | AG33: =AG32 -> 4/5 | AH33: =_xlfn.CONCAT(AF33," | ",AG33) -> Q4 | 4/5 | AI33: =AA33 -> 311627
F34: Q3 | G34: 7/8 | H34: Q3 | 7/8 | I34: 328920 | J34: =J30+1 -> 8 | K34: =K30 -> 3 | O34: =_xlfn.XLOOKUP(P34,J:J,G:G) -> 7/8 | P34: 8 | Q34: 348901 | R34: 354571 | S34: 328920 | T34: 348501 | Z34: 38717 | AA34: 317000 | AF34: Q1 | AG34: 5/6 | AH34: =_xlfn.CONCAT(AF34," | ",AG34) -> Q1 | 5/6 | AI34: =AA34 -> 317000
F35: Q4 | G35: 7/8 | H35: Q4 | 7/8 | I35: 348501 | J35: =J31+1 -> 8 | K35: =K31 -> 4 | O35: =_xlfn.XLOOKUP(P35,J:J,G:G) -> 8/9 | P35: 9 | Q35: 349351 | R35: 315177 | S35: 291763 | T35: 344832 | Z35: 38807 | AA35: 324173 | AF35: Q2 | AG35: =AG34 -> 5/6 | AH35: =_xlfn.CONCAT(AF35," | ",AG35) -> Q2 | 5/6 | AI35: =AA35 -> 324173
F36: Q1 | G36: 8/9 | H36: Q1 | 8/9 | I36: 349351 | J36: =J32+1 -> 9 | K36: =K32 -> 1 | O36: =_xlfn.XLOOKUP(P36,J:J,G:G) -> 9/10 | P36: 10 | Q36: 351316 | R36: 341096 | S36: 328426 | T36: 330900 | Z36: 38898 | AA36: 312817 | AF36: Q3 | AG36: =AG35 -> 5/6 | AH36: =_xlfn.CONCAT(AF36," | ",AG36) -> Q3 | 5/6 | AI36: =AA36 -> 312817
F37: Q2 | G37: 8/9 | H37: Q2 | 8/9 | I37: 315177 | J37: =J33+1 -> 9 | K37: =K33 -> 2 | O37: =_xlfn.XLOOKUP(P37,J:J,G:G) -> 10/11 | P37: 11 | Q37: 343243 | R37: 354603 | S37: 355763 | T37: 378042 | Z37: 38990 | AA37: 324903 | AF37: Q4 | AG37: =AG36 -> 5/6 | AH37: =_xlfn.CONCAT(AF37," | ",AG37) -> Q4 | 5/6 | AI37: =AA37 -> 324903
F38: Q3 | G38: 8/9 | H38: Q3 | 8/9 | I38: 291763 | J38: =J34+1 -> 9 | K38: =K34 -> 3 | O38: =_xlfn.XLOOKUP(P38,J:J,G:G) -> 11/12 | P38: 12 | Q38: 349756 | R38: 353311 | S38: 292551 | T38: 316676 | Z38: 39082 | AA38: 338922 | AF38: Q1 | AG38: 6/7 | AH38: =_xlfn.CONCAT(AF38," | ",AG38) -> Q1 | 6/7 | AI38: =AA38 -> 338922
F39: Q4 | G39: 8/9 | H39: Q4 | 8/9 | I39: 344832 | J39: =J35+1 -> 9 | K39: =K35 -> 4 | O39: =_xlfn.XLOOKUP(P39,J:J,G:G) -> 12/13 | P39: 13 | Q39: 327982 | R39: 339377 | S39: 310188 | T39: 331514 | Z39: 39172 | AA39: 338495 | AF39: Q2 | AG39: =AG38 -> 6/7 | AH39: =_xlfn.CONCAT(AF39," | ",AG39) -> Q2 | 6/7 | AI39: =AA39 -> 338495
F40: Q1 | G40: 9/10 | H40: Q1 | 9/10 | I40: 351316 | J40: =J36+1 -> 10 | K40: =K36 -> 1 | O40: =_xlfn.XLOOKUP(P40,J:J,G:G) -> 13/14 | P40: 14 | Q40: 348963 | R40: 343210 | S40: 308236 | T40: 327316 | Z40: 39263 | AA40: 323353 | AF40: Q3 | AG40: =AG39 -> 6/7 | AH40: =_xlfn.CONCAT(AF40," | ",AG40) -> Q3 | 6/7 | AI40: =AA40 -> 323353
F41: Q2 | G41: 9/10 | H41: Q2 | 9/10 | I41: 341096 | J41: =J37+1 -> 10 | K41: =K37 -> 2 | O41: =_xlfn.XLOOKUP(P41,J:J,G:G) -> 14/15 | P41: 15 | Q41: 321935 | R41: 337425 | S41: 310158 | T41: 333002 | Z41: 39355 | AA41: 351040 | AF41: Q4 | AG41: =AG40 -> 6/7 | AH41: =_xlfn.CONCAT(AF41," | ",AG41) -> Q4 | 6/7 | AI41: =AA41 -> 351040
F42: Q3 | G42: 9/10 | H42: Q3 | 9/10 | I42: 328426 | J42: =J38+1 -> 10 | K42: =K38 -> 3 | O42: =_xlfn.XLOOKUP(P42,J:J,G:G) -> 15/16 | P42: 16 | Q42: 340986 | R42: 335806 | S42: 325698 | T42: 343238 | Z42: 39447 | AA42: 348901 | AF42: Q1 | AG42: 7/8 | AH42: =_xlfn.CONCAT(AF42," | ",AG42) -> Q1 | 7/8 | AI42: =AA42 -> 348901
F43: Q4 | G43: 9/10 | H43: Q4 | 9/10 | I43: 330900 | J43: =J39+1 -> 10 | K43: =K39 -> 4 | Z43: 39538 | AA43: 354571 | AF43: Q2 | AG43: =AG42 -> 7/8 | AH43: =_xlfn.CONCAT(AF43," | ",AG43) -> Q2 | 7/8 | AI43: =AA43 -> 354571
F44: Q1 | G44: 10/11 | H44: Q1 | 10/11 | I44: 343243 | J44: =J40+1 -> 11 | K44: =K40 -> 1 | Z44: 39629 | AA44: 328920 | AF44: Q3 | AG44: =AG43 -> 7/8 | AH44: =_xlfn.CONCAT(AF44," | ",AG44) -> Q3 | 7/8 | AI44: =AA44 -> 328920
F45: Q2 | G45: 10/11 | H45: Q2 | 10/11 | I45: 354603 | J45: =J41+1 -> 11 | K45: =K41 -> 2 | Z45: 39721 | AA45: 348501 | AF45: Q4 | AG45: =AG44 -> 7/8 | AH45: =_xlfn.CONCAT(AF45," | ",AG45) -> Q4 | 7/8 | AI45: =AA45 -> 348501
F46: Q3 | G46: 10/11 | H46: Q3 | 10/11 | I46: 355763 | J46: =J42+1 -> 11 | K46: =K42 -> 3 | Z46: 39813 | AA46: 349351 | AF46: Q1 | AG46: 8/9 | AH46: =_xlfn.CONCAT(AF46," | ",AG46) -> Q1 | 8/9 | AI46: =AA46 -> 349351
F47: Q4 | G47: 10/11 | H47: Q4 | 10/11 | I47: 378042 | J47: =J43+1 -> 11 | K47: =K43 -> 4 | Z47: 39903 | AA47: 315177 | AF47: Q2 | AG47: =AG46 -> 8/9 | AH47: =_xlfn.CONCAT(AF47," | ",AG47) -> Q2 | 8/9 | AI47: =AA47 -> 315177
F48: Q1 | G48: 11/12 | H48: Q1 | 11/12 | I48: 349756 | J48: =J44+1 -> 12 | K48: =K44 -> 1 | Z48: 39994 | AA48: 291763 | AF48: Q3 | AG48: =AG47 -> 8/9 | AH48: =_xlfn.CONCAT(AF48," | ",AG48) -> Q3 | 8/9 | AI48: =AA48 -> 291763
F49: Q2 | G49: 11/12 | H49: Q2 | 11/12 | I49: 353311 | J49: =J45+1 -> 12 | K49: =K45 -> 2 | Z49: 40086 | AA49: 344832 | AF49: Q4 | AG49: =AG48 -> 8/9 | AH49: =_xlfn.CONCAT(AF49," | ",AG49) -> Q4 | 8/9 | AI49: =AA49 -> 344832
F50: Q3 | G50: 11/12 | H50: Q3 | 11/12 | I50: 292551 | J50: =J46+1 -> 12 | K50: =K46 -> 3 | Z50: 40178 | AA50: 351316 | AF50: Q1 | AG50: 9/10 | AH50: =_xlfn.CONCAT(AF50," | ",AG50) -> Q1 | 9/10 | AI50: =AA50 -> 351316
F51: Q4 | G51: 11/12 | H51: Q4 | 11/12 | I51: 316676 | J51: =J47+1 -> 12 | K51: =K47 -> 4 | Z51: 40268 | AA51: 341096 | AF51: Q2 | AG51: =AG50 -> 9/10 | AH51: =_xlfn.CONCAT(AF51," | ",AG51) -> Q2 | 9/10 | AI51: =AA51 -> 341096
F52: Q1 | G52: 12/13 | H52: Q1 | 12/13 | I52: 327982 | J52: =J48+1 -> 13 | K52: =K48 -> 1 | Z52: 40359 | AA52: 328426 | AF52: Q3 | AG52: =AG51 -> 9/10 | AH52: =_xlfn.CONCAT(AF52," | ",AG52) -> Q3 | 9/10 | AI52: =AA52 -> 328426
F53: Q2 | G53: 12/13 | H53: Q2 | 12/13 | I53: 339377 | J53: =J49+1 -> 13 | K53: =K49 -> 2 | Z53: 40451 | AA53: 330900 | AF53: Q4 | AG53: =AG52 -> 9/10 | AH53: =_xlfn.CONCAT(AF53," | ",AG53) -> Q4 | 9/10 | AI53: =AA53 -> 330900
F54: Q3 | G54: 12/13 | H54: Q3 | 12/13 | I54: 310188 | J54: =J50+1 -> 13 | K54: =K50 -> 3 | Z54: 40543 | AA54: 343243 | AF54: Q1 | AG54: 10/11 | AH54: =_xlfn.CONCAT(AF54," | ",AG54) -> Q1 | 10/11 | AI54: =AA54 -> 343243
F55: Q4 | G55: 12/13 | H55: Q4 | 12/13 | I55: 331514 | J55: =J51+1 -> 13 | K55: =K51 -> 4 | Z55: 40633 | AA55: 354603 | AF55: Q2 | AG55: =AG54 -> 10/11 | AH55: =_xlfn.CONCAT(AF55," | ",AG55) -> Q2 | 10/11 | AI55: =AA55 -> 354603
F56: Q1 | G56: 13/14 | H56: Q1 | 13/14 | I56: 348963 | J56: =J52+1 -> 14 | K56: =K52 -> 1 | Z56: 40724 | AA56: 355763 | AF56: Q3 | AG56: =AG55 -> 10/11 | AH56: =_xlfn.CONCAT(AF56," | ",AG56) -> Q3 | 10/11 | AI56: =AA56 -> 355763
F57: Q2 | G57: 13/14 | H57: Q2 | 13/14 | I57: 343210 | J57: =J53+1 -> 14 | K57: =K53 -> 2 | Z57: 40816 | AA57: 378042 | AF57: Q4 | AG57: =AG56 -> 10/11 | AH57: =_xlfn.CONCAT(AF57," | ",AG57) -> Q4 | 10/11 | AI57: =AA57 -> 378042
F58: Q3 | G58: 13/14 | H58: Q3 | 13/14 | I58: 308236 | J58: =J54+1 -> 14 | K58: =K54 -> 3 | Z58: 40908 | AA58: 349756 | AF58: Q1 | AG58: 11/12 | AH58: =_xlfn.CONCAT(AF58," | ",AG58) -> Q1 | 11/12 | AI58: =AA58 -> 349756
F59: Q4 | G59: 13/14 | H59: Q4 | 13/14 | I59: 327316 | J59: =J55+1 -> 14 | K59: =K55 -> 4 | Z59: 40999 | AA59: 353311 | AF59: Q2 | AG59: =AG58 -> 11/12 | AH59: =_xlfn.CONCAT(AF59," | ",AG59) -> Q2 | 11/12 | AI59: =AA59 -> 353311
F60: Q1 | G60: 14/15 | H60: Q1 | 14/15 | I60: 321935 | J60: =J56+1 -> 15 | K60: =K56 -> 1 | Z60: 41090 | AA60: 292551 | AF60: Q3 | AG60: =AG59 -> 11/12 | AH60: =_xlfn.CONCAT(AF60," | ",AG60) -> Q3 | 11/12 | AI60: =AA60 -> 292551
F61: Q2 | G61: 14/15 | H61: Q2 | 14/15 | I61: 337425 | J61: =J57+1 -> 15 | K61: =K57 -> 2 | Z61: 41182 | AA61: 316676 | AF61: Q4 | AG61: =AG60 -> 11/12 | AH61: =_xlfn.CONCAT(AF61," | ",AG61) -> Q4 | 11/12 | AI61: =AA61 -> 316676
F62: Q3 | G62: 14/15 | H62: Q3 | 14/15 | I62: 310158 | J62: =J58+1 -> 15 | K62: =K58 -> 3 | Z62: 41274 | AA62: 327982 | AF62: Q1 | AG62: 12/13 | AH62: =_xlfn.CONCAT(AF62," | ",AG62) -> Q1 | 12/13 | AI62: =AA62 -> 327982
F63: Q4 | G63: 14/15 | H63: Q4 | 14/15 | I63: 333002 | J63: =J59+1 -> 15 | K63: =K59 -> 4 | Z63: 41364 | AA63: 339377 | AF63: Q2 | AG63: =AG62 -> 12/13 | AH63: =_xlfn.CONCAT(AF63," | ",AG63) -> Q2 | 12/13 | AI63: =AA63 -> 339377
F64: Q1 | G64: 15/16 | H64: Q1 | 15/16 | I64: 340986 | J64: =J60+1 -> 16 | K64: =K60 -> 1 | Z64: 41455 | AA64: 310188 | AF64: Q3 | AG64: =AG63 -> 12/13 | AH64: =_xlfn.CONCAT(AF64," | ",AG64) -> Q3 | 12/13 | AI64: =AA64 -> 310188
F65: Q2 | G65: 15/16 | H65: Q2 | 15/16 | I65: 335806 | J65: =J61+1 -> 16 | K65: =K61 -> 2 | Z65: 41547 | AA65: 331514 | AF65: Q4 | AG65: =AG64 -> 12/13 | AH65: =_xlfn.CONCAT(AF65," | ",AG65) -> Q4 | 12/13 | AI65: =AA65 -> 331514
F66: Q3 | G66: 15/16 | H66: Q3 | 15/16 | I66: 325698 | J66: =J62+1 -> 16 | K66: =K62 -> 3 | Z66: 41639 | AA66: 348963 | AF66: Q1 | AG66: 13/14 | AH66: =_xlfn.CONCAT(AF66," | ",AG66) -> Q1 | 13/14 | AI66: =AA66 -> 348963
F67: Q4 | G67: 15/16 | H67: Q4 | 15/16 | I67: 343238 | J67: =J63+1 -> 16 | K67: =K63 -> 4 | Z67: 41729 | AA67: 343210 | AF67: Q2 | AG67: =AG66 -> 13/14 | AH67: =_xlfn.CONCAT(AF67," | ",AG67) -> Q2 | 13/14 | AI67: =AA67 -> 343210
Z68: 41820 | AA68: 308236 | AF68: Q3 | AG68: =AG67 -> 13/14 | AH68: =_xlfn.CONCAT(AF68," | ",AG68) -> Q3 | 13/14 | AI68: =AA68 -> 308236
Z69: 41912 | AA69: 327316 | AF69: Q4 | AG69: =AG68 -> 13/14 | AH69: =_xlfn.CONCAT(AF69," | ",AG69) -> Q4 | 13/14 | AI69: =AA69 -> 327316
Z70: 42004 | AA70: 321935 | AE70: 1 | AF70: Q1 | AG70: 14/15 | AH70: =_xlfn.CONCAT(AF70," | ",AG70) -> Q1 | 14/15 | AI70: =AA70 -> 321935
Z71: 42094 | AA71: 337425 | AE71: 2 | AF71: Q2 | AG71: 14/15 | AH71: =_xlfn.CONCAT(AF71," | ",AG71) -> Q2 | 14/15 | AI71: =AA71 -> 337425
Z72: 42185 | AA72: 310158 | AE72: 3 | AF72: Q3 | AG72: 14/15 | AH72: =_xlfn.CONCAT(AF72," | ",AG72) -> Q3 | 14/15 | AI72: =AA72 -> 310158
Z73: 42277 | AA73: 333002 | AE73: 4 | AF73: Q4 | AG73: 14/15 | AH73: =_xlfn.CONCAT(AF73," | ",AG73) -> Q4 | 14/15 | AI73: =AA73 -> 333002
Z74: 42369 | AA74: 340986 | AE74: 5 | AF74: Q1 | AG74: 15/16 | AH74: =_xlfn.CONCAT(AF74," | ",AG74) -> Q1 | 15/16 | AI74: =AA74 -> 340986
Z75: 42460 | AA75: 335806 | AE75: 6 | AF75: Q2 | AG75: 15/16 | AH75: =_xlfn.CONCAT(AF75," | ",AG75) -> Q2 | 15/16 | AI75: =AA75 -> 335806
Z76: 42551 | AA76: 325698 | AE76: 7 | AF76: Q3 | AG76: 15/16 | AH76: =_xlfn.CONCAT(AF76," | ",AG76) -> Q3 | 15/16 | AI76: =AA76 -> 325698
Z77: 42643 | AA77: 343238 | AC77: Quarter | AD77: Grind | AE77: 8 | AF77: Q4 | AG77: 15/16 | AH77: =_xlfn.CONCAT(AF77," | ",AG77) -> Q4 | 15/16 | AI77: =AA77 -> 343238
Z78: 42735 | AA78: 338431 | AB78: =AA78=AD78 -> FALSE | AC78: Q1 | 16/17 | AD78: 339741 | AE78: =AA78-AD78 -> -1310
Z79: 42825 | AA79: 339741 | AB79: =AA79=AD79 -> TRUE | AC79: Q2 | 16/17 | AD79: 339741 | AE79: =AA79-AD79 -> 0
Z80: 42916 | AA80: 331970 | AB80: =AA80=AD80 -> TRUE | AC80: Q3 | 16/17 | AD80: 331970 | AE80: =AA80-AD80 -> 0
Z81: 43008 | AA81: 353544 | AB81: =AA81=AD81 -> TRUE | AC81: Q4 | 16/17 | AD81: 353544 | AE81: =AA81-AD81 -> 0
Z82: 43100 | AA82: 353286 | AB82: =AA82=AD82 -> TRUE | AC82: Q1 | 17/18 | AD82: 353286 | AE82: =AA82-AD82 -> 0
Z83: 43190 | AA83: 358432 | AB83: =AA83=AD83 -> TRUE | AC83: Q2 | 17/18 | AD83: 358432 | AE83: =AA83-AD83 -> 0
Z84: 43281 | AA84: 356109 | AB84: =AA84=AD84 -> TRUE | AC84: Q3 | 17/18 | AD84: 356109 | AE84: =AA84-AD84 -> 0
Z85: 43373 | AA85: 363122 | AB85: =AA85=AD85 -> TRUE | AC85: Q4 | 17/18 | AD85: 363122 | AE85: =AA85-AD85 -> 0
Z86: 43465 | AA86: 359103 | AB86: =AA86=AD86 -> TRUE | AC86: Q1 | 18/19 | AD86: 359103 | AE86: =AA86-AD86 -> 0
Z87: 43555 | AA87: 370359 | AB87: =AA87=AD87 -> TRUE | AC87: Q2 | 18/19 | AD87: 370359 | AE87: =AA87-AD87 -> 0
Z88: 43646 | AA88: 344890 | AB88: =AA88=AD88 -> TRUE | AC88: Q3 | 18/19 | AD88: 344890 | AE88: =AA88-AD88 -> 0
Z89: 43738 | AA89: 362940 | AB89: =AA89=AD89 -> TRUE | AC89: Q4 | 18/19 | AD89: 362940 | AE89: =AA89-AD89 -> 0
... Z113: 45930 | AA113: 337353 | AB113: =AA113=AD113 -> TRUE | AC113: Q4 | 24/25 | AD113: 337353 | AE113: =AA113-AD113 -> 0
Z114: 46022 | AA114: 304470
Z115: 46112 | AA115: 325895
Z116: 46203 | AA116: 316366

Sheet ECA Estimates
C6: Beq export | D6: Oct | E6: Nov | F6: Dec | G6: Jan | H6: Feb | I6: Mar | J6: Apr | K6: May | L6: Jun | M6: Jul | N6: Aug | O6: Sep
C7: 14/15 | D7: 23142.4 | E7: 18862.933 | F7: 16195.415 | G7: 22511.933 | H7: 19310.614 | I7: 16118.939 | J7: 17962.988 | K7: 20821.552 | L7: 20372.263 | M7: 19195.572 | N7: 21407.889 | O7: 26511.962
C8: 15/16 | D8: 22374.955 | E8: 22294.135 | F8: 18592.778 | G8: 23166.415 | H8: 17911.376 | I8: 20069.948 | J8: 21753.109 | K8: 19448.165 | L8: 19725.782 | M8: 15647.211 | N8: 23843.03 | O8: 22578.789
C9: 16/17 | D9: 24735.005 | E9: 22755.287 | F9: 20202.744 | G9: 26440.743 | H9: 21923.306 | I9: 23023.971 | J9: 18202.314 | K9: 20867.631 | L9: 22553.111 | M9: 18300.359 | N9: 24660.706 | O9: 23325.64
C10: 17/18 | D10: 28457.676 | E10: 27462.903 | F10: 18254.748 | G10: 25010.508 | H10: 20979.069 | I10: 22351.847 | J10: 24729.813 | K10: 24044.406 | L10: 23193.092 | M10: 21990.27 | N10: 23767.356 | O10: 22605.181
C11: 18/19 | D11: 27249.05 | E11: 26050.801 | F11: 18927.666 | G11: 27283.159 | H11: 25042.452 | I11: 24620.76 | J11: 23374.663 | K11: 23302.124 | L11: 22117.327 | M11: 24042.322 | N11: 27328.927 | O11: 25424.144
C12: 19/20 | D12: 26646.034 | E12: 23607.373 | F12: 22081.431 | G12: 24400.577 | H12: 23742.889 | I12: 24858.989 | J12: 19587.233 | K12: 17331.579 | L12: 19222.531 | M12: 21658.732 | N12: 22298.558 | O12: 25817.212
C13: 20/21 | D13: 26906.245 | E13: 23849.105 | F13: 21899.89 | G13: 24483.537 | H13: 23278.862 | I13: 26340.377 | J13: 28148.341 | K13: 25094.502 | L13: 27211.041 | M13: 25524.228 | N13: 26831.573 | O13: 27430.349
C14: 21/22 | D14: 30153.317 | E14: 30490.376 | F14: 25383.275 | G14: 28093.379 | H14: 26084.453 | I14: 23422.006 | J14: 19821.983 | K14: 24603.741 | L14: 26102.791 | M14: 23601.492 | N14: 29022.673 | O14: 31840.027
C15: 22/23 | D15: 30550.925 | E15: 33782.826 | F15: 26061.218 | G15: 32581.749 | H15: 27094.766 | I15: 26542.537 | J15: 24240.888 | K15: 26915.962 | L15: 26432.765 | M15: 26040.944 | N15: 29372.778 | O15: 27632.2
C16: 23/24 | D16: 28427.221 | E16: 28568.687 | F16: 22337.982 | G16: 31698.362 | H16: 27890.012 | I16: 26876.205 | J16: 34586.27 | K16: 31974.557 | L16: 28628.108 | M16: 31821.07 | N16: 28969.559 | O16: 31506.053
C17: 24/25 | D17: 31781.339 | E17: 25241.931 | F17: 18967.826 | G17: 31160.24 | H17: 30563.818 | I17: 28781.721 | J17: 23296.362 | K17: 28736.412 | L17: 24454.928 | M17: 23172.832 | N17: 24759.483 | O17: 26268.497
C18: 25/26 | D18: 31141.41
C21: Exports | D21: 1 | E21: 2 | F21: 3 | G21: 4 | K21: Exports | L21: 1 | M21: 2 | N21: 3 | O21: 4
B22: =C7 -> 14/15 | C22: 1 | D22: =SUM(D7:F7) -> 58200.748 | E22: =SUM(G7:I7) -> 57941.486 | F22: =SUM(J7:L7) -> 59156.803 | G22: =SUM(M7:O7) -> 67115.423 | J22: 14/15 | K22: 1
B23: =C8 -> 15/16 | C23: 2 | D23: =SUM(D8:F8) -> 63261.868 | E23: =SUM(G8:I8) -> 61147.74 | F23: =SUM(J8:L8) -> 60927.057 | G23: =SUM(M8:O8) -> 62069.03 | J23: 15/16 | K23: 2 | L23: =D23/D22-1 -> 0.0869597 | M23: =E23/E22-1 -> 0.055336064 | N23: =F23/F22-1 -> 0.029924775 | O23: =G23/G22-1 -> -0.075189764
B24: =C9 -> 16/17 | C24: 3 | D24: =SUM(D9:F9) -> 67693.036 | E24: =SUM(G9:I9) -> 71388.021 | F24: =SUM(J9:L9) -> 61623.056 | G24: =SUM(M9:O9) -> 66286.704 | J24: 16/17 | K24: 3 | L24: =D24/D23-1 -> 0.07004485 | M24: =E24/E23-1 -> 0.16746786 | N24: =F24/F23-1 -> 0.01142348 | O24: =G24/G23-1 -> 0.06795135
B25: =C10 -> 17/18 | C25: 4 | D25: =SUM(D10:F10) -> 74175.327 | E25: =SUM(G10:I10) -> 68341.424 | F25: =SUM(J10:L10) -> 71967.312 | G25: =SUM(M10:O10) -> 68362.807 | J25: 17/18 | K25: 4 | L25: =D25/D24-1 -> 0.095760096 | M25: =E25/E24-1 -> -0.042676586 | N25: =F25/F24-1 -> 0.16786341 | O25: =G25/G24-1 -> 0.031320049
B26: =C11 -> 18/19 | C26: 5 | D26: =SUM(D11:F11) -> 72227.518 | E26: =SUM(G11:I11) -> 76946.371 | F26: =SUM(J11:L11) -> 68794.113 | G26: =SUM(M11:O11) -> 76795.393 | J26: 18/19 | K26: 5 | L26: =D26/D25-1 -> -0.026259535 | M26: =E26/E25-1 -> 0.12591114 | N26: =F26/F25-1 -> -0.044092221 | O26: =G26/G25-1 -> 0.12335049
B27: =C12 -> 19/20 | C27: 6 | D27: =SUM(D12:F12) -> 72334.839 | E27: =SUM(G12:I12) -> 73002.454 | F27: =SUM(J12:L12) -> 56141.342 | G27: =SUM(M12:O12) -> 69774.502 | J27: 19/20 | K27: 6 | L27: =D27/D26-1 -> 0.0014858741 | M27: =E27/E26-1 -> -0.05125539 | N27: =F27/F26-1 -> -0.18392229 | O27: =G27/G26-1 -> -0.091423336
B28: =C13 -> 20/21 | C28: 7 | D28: =SUM(D13:F13) -> 72655.24 | E28: =SUM(G13:I13) -> 74102.777 | F28: =SUM(J13:L13) -> 80453.884 | G28: =SUM(M13:O13) -> 79786.149 | J28: 20/21 | K28: 7 | L28: =D28/D27-1 -> 0.0044294147 | M28: =E28/E27-1 -> 0.0150724 | N28: =F28/F27-1 -> 0.4330595 | O28: =G28/G27-1 -> 0.14348576
B29: =C14 -> 21/22 | C29: 8 | D29: =SUM(D14:F14) -> 86026.968 | E29: =SUM(G14:I14) -> 77599.838 | F29: =SUM(J14:L14) -> 70528.516 | G29: =SUM(M14:O14) -> 84464.192 | J29: 21/22 | K29: 8 | L29: =D29/D28-1 -> 0.18404356 | M29: =E29/E28-1 -> 0.047192048 | N29: =F29/F28-1 -> -0.12336717 | O29: =G29/G28-1 -> 0.058632272
B30: =C15 -> 22/23 | C30: 9 | D30: =SUM(D15:F15) -> 90394.97 | E30: =SUM(G15:I15) -> 86219.052 | F30: =SUM(J15:L15) -> 77589.615 | G30: =SUM(M15:O15) -> 83045.923 | J30: 22/23 | K30: 9 | L30: =D30/D29-1 -> 0.050774792 | M30: =E30/E29-1 -> 0.11107257 | N30: =F30/F29-1 -> 0.10011694 | O30: =G30/G29-1 -> -0.016791371
B31: =C16 -> 23/24 | C31: 10 | D31: =SUM(D16:F16) -> 79333.891 | E31: =SUM(G16:I16) -> 86464.578 | F31: =SUM(J16:L16) -> 95188.935 | G31: =SUM(M16:O16) -> 92296.682 | J31: 23/24 | K31: 10 | L31: =D31/D30-1 -> -0.12236388 | M31: =E31/E30-1 -> 0.0028477024 | N31: =F31/F30-1 -> 0.22682572 | O31: =G31/G30-1 -> 0.11139329
B32: =C17 -> 24/25 | C32: 11 | D32: =SUM(D17:F17) -> 75991.095 | E32: =SUM(G17:I17) -> 90505.779 | F32: =SUM(J17:L17) -> 76487.702 | G32: =SUM(M17:O17) -> 74200.812 | J32: 24/25 | K32: 11 | L32: =D32/D31-1 -> -0.042135778 | M32: =E32/E31-1 -> 0.046738228 | N32: =F32/F31-1 -> -0.19646436 | O32: =G32/G31-1 -> -0.19606198
B33: =C18 -> 25/26 | C33: 12 | D33: =SUM(D18:F18) -> 31141.41 | J33: 25/26 | K33: 12 | L33: =D33/D32-1 -> -0.59019659
D41: exports | E41: 1 | F41: 2 | G41: 3 | H41: 4 | J41: Grind
C42: 1 | D42: 17/18 | E42: =L25 -> 0.095760096 | F42: =M25 -> -0.042676586 | G42: =N25 -> 0.16786341 | H42: =O25 -> 0.031320049 | J42: 0.039868606 | K42: 0.055015438 | L42: 0.072714402 | M42: 0.027091395
C43: 2 | D43: 18/19 | E43: =L26 -> -0.026259535 | F43: =M26 -> 0.12591114 | G43: =N26 -> -0.044092221 | H43: =O26 -> 0.12335049 | J43: 0.016465413 | K43: 0.033275489 | L43: -0.031504399 | M43: -0.00050120896
C44: 3 | D44: 19/20 | E44: =L27 -> 0.0014858741 | F44: =M27 -> -0.05125539 | G44: =N27 -> -0.18392229 | H44: =O27 -> -0.091423336 | J44: -0.010865963 | K44: -0.0038476181 | L44: -0.089251645 | M44: -0.047418306
C45: 4 | D45: 20/21 | E45: =L28 -> 0.0044294147 | F45: =M28 -> 0.0150724 | G45: =N28 -> 0.4330595 | H45: =O28 -> 0.14348576 | J45: -0.031109147 | K45: -0.030138182 | L45: 0.13608695 | M45: 0.087007202
C46: 5 | D46: 21/22 | E46: =L29 -> 0.18404356 | F46: =M29 -> 0.047192048 | G46: =N29 -> -0.12336717 | H46: =O29 -> 0.058632272 | J46: 0.062981075 | K46: 0.043829912 | L46: 0.02025198 | M46: -0.016316712
C47: 6 | D47: 22/23 | E47: =L30 -> 0.050774792 | F47: =M30 -> 0.11107257 | G47: =N30 -> 0.10011694 | H47: =O30 -> -0.016791371 | J47: -0.017081891 | K47: 0.005025462 | L47: -0.057124651 | M47: -0.0091457724
C48: 7 | D48: 23/24 | E48: =L31 -> -0.12236388 | F48: =M31 -> 0.0028477024 | G48: =N31 -> 0.22682572 | H48: =O31 -> 0.11139329 | J48: -0.02457888 | K48: -0.021546454 | L48: 0.041420635 | M48: -0.032661931
C49: 8 | D49: 24/25 | E49: =L32 -> -0.042135778 | F49: =M32 -> 0.046738228 | G49: =N32 -> -0.19646436 | H49: =O32 -> -0.19606198 | J49: -0.053846307 | K49: -0.037477504 | L49: -0.071999597 | M49: -0.04792371
D50: 25/26
G54: Exports | H54: Grind
E55: 1 | F55: 1 | G55: =INDEX($E$42:$H$49,MATCH(E55,$C$42:$C$49),MATCH(F55,$E$41:$H$41)) -> 0.095760096 | H55: =INDEX($J$42:$M$49,MATCH(E55,$C$42:$C$49),MATCH(F55,$E$41:$H$41)) -> 0.039868606
E56: 1 | F56: 2 | G56: =INDEX($E$42:$H$49,MATCH(E56,$C$42:$C$49),MATCH(F56,$E$41:$H$41)) -> -0.042676586 | H56: =INDEX($J$42:$M$49,MATCH(E56,$C$42:$C$49),MATCH(F56,$E$41:$H$41)) -> 0.055015438
E57: 1 | F57: 3 | G57: =INDEX($E$42:$H$49,MATCH(E57,$C$42:$C$49),MATCH(F57,$E$41:$H$41)) -> 0.16786341 | H57: =INDEX($J$42:$M$49,MATCH(E57,$C$42:$C$49),MATCH(F57,$E$41:$H$41)) -> 0.072714402
E58: 1 | F58: 4 | G58: =INDEX($E$42:$H$49,MATCH(E58,$C$42:$C$49),MATCH(F58,$E$41:$H$41)) -> 0.031320049 | H58: =INDEX($J$42:$M$49,MATCH(E58,$C$42:$C$49),MATCH(F58,$E$41:$H$41)) -> 0.027091395
E59: =E55+1 -> 2 | F59: =F55 -> 1 | G59: =INDEX($E$42:$H$49,MATCH(E59,$C$42:$C$49),MATCH(F59,$E$41:$H$41)) -> -0.026259535 | H59: =INDEX($J$42:$M$49,MATCH(E59,$C$42:$C$49),MATCH(F59,$E$41:$H$41)) -> 0.016465413
E60: =E56+1 -> 2 | F60: =F56 -> 2 | G60: =INDEX($E$42:$H$49,MATCH(E60,$C$42:$C$49),MATCH(F60,$E$41:$H$41)) -> 0.12591114 | H60: =INDEX($J$42:$M$49,MATCH(E60,$C$42:$C$49),MATCH(F60,$E$41:$H$41)) -> 0.033275489
E61: =E57+1 -> 2 | F61: =F57 -> 3 | G61: =INDEX($E$42:$H$49,MATCH(E61,$C$42:$C$49),MATCH(F61,$E$41:$H$41)) -> -0.044092221 | H61: =INDEX($J$42:$M$49,MATCH(E61,$C$42:$C$49),MATCH(F61,$E$41:$H$41)) -> -0.031504399
E62: =E58+1 -> 2 | F62: =F58 -> 4 | G62: =INDEX($E$42:$H$49,MATCH(E62,$C$42:$C$49),MATCH(F62,$E$41:$H$41)) -> 0.12335049 | H62: =INDEX($J$42:$M$49,MATCH(E62,$C$42:$C$49),MATCH(F62,$E$41:$H$41)) -> -0.00050120896
E63: =E59+1 -> 3 | F63: =F59 -> 1 | G63: =INDEX($E$42:$H$49,MATCH(E63,$C$42:$C$49),MATCH(F63,$E$41:$H$41)) -> 0.0014858741 | H63: =INDEX($J$42:$M$49,MATCH(E63,$C$42:$C$49),MATCH(F63,$E$41:$H$41)) -> -0.010865963
E64: =E60+1 -> 3 | F64: =F60 -> 2 | G64: =INDEX($E$42:$H$49,MATCH(E64,$C$42:$C$49),MATCH(F64,$E$41:$H$41)) -> -0.05125539 | H64: =INDEX($J$42:$M$49,MATCH(E64,$C$42:$C$49),MATCH(F64,$E$41:$H$41)) -> -0.0038476181
E65: =E61+1 -> 3 | F65: =F61 -> 3 | G65: =INDEX($E$42:$H$49,MATCH(E65,$C$42:$C$49),MATCH(F65,$E$41:$H$41)) -> -0.18392229 | H65: =INDEX($J$42:$M$49,MATCH(E65,$C$42:$C$49),MATCH(F65,$E$41:$H$41)) -> -0.089251645
E66: =E62+1 -> 3 | F66: =F62 -> 4 | G66: =INDEX($E$42:$H$49,MATCH(E66,$C$42:$C$49),MATCH(F66,$E$41:$H$41)) -> -0.091423336 | H66: =INDEX($J$42:$M$49,MATCH(E66,$C$42:$C$49),MATCH(F66,$E$41:$H$41)) -> -0.047418306
E67: =E63+1 -> 4 | F67: =F63 -> 1 | G67: =INDEX($E$42:$H$49,MATCH(E67,$C$42:$C$49),MATCH(F67,$E$41:$H$41)) -> 0.0044294147 | H67: =INDEX($J$42:$M$49,MATCH(E67,$C$42:$C$49),MATCH(F67,$E$41:$H$41)) -> -0.031109147
E68: =E64+1 -> 4 | F68: =F64 -> 2 | G68: =INDEX($E$42:$H$49,MATCH(E68,$C$42:$C$49),MATCH(F68,$E$41:$H$41)) -> 0.0150724 | H68: =INDEX($J$42:$M$49,MATCH(E68,$C$42:$C$49),MATCH(F68,$E$41:$H$41)) -> -0.030138182
E69: =E65+1 -> 4 | F69: =F65 -> 3 | G69: =INDEX($E$42:$H$49,MATCH(E69,$C$42:$C$49),MATCH(F69,$E$41:$H$41)) -> 0.4330595 | H69: =INDEX($J$42:$M$49,MATCH(E69,$C$42:$C$49),MATCH(F69,$E$41:$H$41)) -> 0.13608695
E70: =E66+1 -> 4 | F70: =F66 -> 4 | G70: =INDEX($E$42:$H$49,MATCH(E70,$C$42:$C$49),MATCH(F70,$E$41:$H$41)) -> 0.14348576 | H70: =INDEX($J$42:$M$49,MATCH(E70,$C$42:$C$49),MATCH(F70,$E$41:$H$41)) -> 0.087007202
... E81: =E77+1 -> 7 | F81: =F77 -> 3 | G81: =INDEX($E$42:$H$49,MATCH(E81,$C$42:$C$49),MATCH(F81,$E$41:$H$41)) -> 0.22682572 | H81: =INDEX($J$42:$M$49,MATCH(E81,$C$42:$C$49),MATCH(F81,$E$41:$H$41)) -> 0.041420635
E82: =E78+1 -> 7 | F82: =F78 -> 4 | G82: =INDEX($E$42:$H$49,MATCH(E82,$C$42:$C$49),MATCH(F82,$E$41:$H$41)) -> 0.11139329 | H82: =INDEX($J$42:$M$49,MATCH(E82,$C$42:$C$49),MATCH(F82,$E$41:$H$41)) -> -0.032661931 | J82: {=LINEST(H55:H86,G55:G86)} -> 0.2750781 | K82: -0.0079104395
E83: =E79+1 -> 8 | F83: =F79 -> 1 | G83: =INDEX($E$42:$H$49,MATCH(E83,$C$42:$C$49),MATCH(F83,$E$41:$H$41)) -> -0.042135778 | H83: =INDEX($J$42:$M$49,MATCH(E83,$C$42:$C$49),MATCH(F83,$E$41:$H$41)) -> -0.053846307
E84: =E80+1 -> 8 | F84: =F80 -> 2 | G84: =INDEX($E$42:$H$49,MATCH(E84,$C$42:$C$49),MATCH(F84,$E$41:$H$41)) -> 0.046738228 | H84: =INDEX($J$42:$M$49,MATCH(E84,$C$42:$C$49),MATCH(F84,$E$41:$H$41)) -> -0.037477504
E85: =E81+1 -> 8 | F85: =F81 -> 3 | G85: =INDEX($E$42:$H$49,MATCH(E85,$C$42:$C$49),MATCH(F85,$E$41:$H$41)) -> -0.19646436 | H85: =INDEX($J$42:$M$49,MATCH(E85,$C$42:$C$49),MATCH(F85,$E$41:$H$41)) -> -0.071999597
E86: =E82+1 -> 8 | F86: =F82 -> 4 | G86: =INDEX($E$42:$H$49,MATCH(E86,$C$42:$C$49),MATCH(F86,$E$41:$H$41)) -> -0.19606198 | H86: =INDEX($J$42:$M$49,MATCH(E86,$C$42:$C$49),MATCH(F86,$E$41:$H$41)) -> -0.04792371
G87: -0.02 | H87: =G87*J82+K82 -> -0.013412001

Sheet Total Scenario
A1: All Reported Grind : ECA + CAA + NCA + IVC (Gepex) + BR
AD3: =COUNT(V16:Y16) -> 4 | AE3: =OFFSET(U6,0,$AD$3,1,1) -> Q4
V5: 1 | W5: 2 | X5: 3 | Y5: 4
B6: Quarter | C6: Total | D6: ECA | E6: CAA | F6: NCA | G6: IVC | H6: BR | V6: Q1 | W6: Q2 | X6: Q3 | Y6: Q4 | Z6: Q1-Q4 | AA6: % | AD6: Crop Year | AE6: =_xlfn.CONCAT("YTD (Q1 to ",AE3,")") -> YTD (Q1 to Q4) | AF6: % | AJ6: Q1 | AK6: Q2 | AL6: Q3 | AM6: Q4
B7: Q1 | 16/17 | C7: =SUM(D7:H7) -> 822589 | D7: =IF(ECA!C7=0,NA(),ECA!C7) -> 339741 | E7: =IF(CAA!C7=0,NA(),CAA!C7) -> 177450 | F7: =IF(NCA!C7=0,NA(),NCA!C7) -> 120152 | G7: =IF(IVC!C7=0,NA(),IVC!C7) -> 127000 | H7: =IF(BR!C7=0,NA(),BR!C7) -> 58246 | U7: 16/17 | V7: =C7 -> 822589 | W7: =C8 -> 822589 | X7: =C9 -> 798014 | Y7: =C10 -> 850839 | Z7: =SUM(V7:Y7) -> 3294031 | AD7: 16/17 | AE7: =SUM(OFFSET(V7,0,0,1,$AD$3)) -> 3294031 | AI7: 2017 | AJ7: =V7 -> 822589 | AK7: =AJ7+W7 -> 1645178 | AL7: =AK7+X7 -> 2443192 | AM7: =AL7+Y7 -> 3294031
B8: Q2 | 16/17 | C8: =SUM(D8:H8) -> 822589 | D8: =IF(ECA!C8=0,NA(),ECA!C8) -> 339741 | E8: =IF(CAA!C8=0,NA(),CAA!C8) -> 177450 | F8: =IF(NCA!C8=0,NA(),NCA!C8) -> 120152 | G8: =IF(IVC!C8=0,NA(),IVC!C8) -> 127000 | H8: =IF(BR!C8=0,NA(),BR!C8) -> 58246 | U8: 17/18 | V8: =C11 -> 850107 | W8: =C12 -> 855759 | X8: =C13 -> 837530 | Y8: =C14 -> 874536 | Z8: =SUM(V8:Y8) -> 3417932 | AA8: =Z8/Z7-1 -> 0.037613793 | AD8: 17/18 | AE8: =SUM(OFFSET(V8,0,0,1,$AD$3)) -> 3417932 | AF8: =AE8/AE7-1 -> 0.037613793 | AI8: 2018 | AJ8: =V8 -> 850107 | AK8: =AJ8+W8 -> 1705866 | AL8: =AK8+X8 -> 2543396 | AM8: =AL8+Y8 -> 3417932
B9: Q3 | 16/17 | C9: =SUM(D9:H9) -> 798014 | D9: =IF(ECA!C9=0,NA(),ECA!C9) -> 331970 | E9: =IF(CAA!C9=0,NA(),CAA!C9) -> 160878 | F9: =IF(NCA!C9=0,NA(),NCA!C9) -> 123125 | G9: =IF(IVC!C9=0,NA(),IVC!C9) -> 127000 | H9: =IF(BR!C9=0,NA(),BR!C9) -> 55041 | U9: 18/19 | V9: =C15 -> 881322 | W9: =C16 -> 890013 | X9: =C17 -> 882822 | Y9: =C18 -> 910769 | Z9: =SUM(V9:Y9) -> 3564926 | AA9: =Z9/Z8-1 -> 0.043006707 | AD9: 18/19 | AE9: =SUM(OFFSET(V9,0,0,1,$AD$3)) -> 3564926 | AF9: =AE9/AE8-1 -> 0.043006707 | AI9: 2019 | AJ9: =V9 -> 881322 | AK9: =AJ9+W9 -> 1771335 | AL9: =AK9+X9 -> 2654157 | AM9: =AL9+Y9 -> 3564926
B10: Q4 | 16/17 | C10: =SUM(D10:H10) -> 850839 | D10: =IF(ECA!C10=0,NA(),ECA!C10) -> 353544 | E10: =IF(CAA!C10=0,NA(),CAA!C10) -> 189407 | F10: =IF(NCA!C10=0,NA(),NCA!C10) -> 125323 | G10: =IF(IVC!C10=0,NA(),IVC!C10) -> 128000 | H10: =IF(BR!C10=0,NA(),BR!C10) -> 54565 | U10: 19/20 | V10: =C19 -> 894393 | W10: =C20 -> 891865 | X10: =C21 -> 812601 | Y10: =C22 -> 860903 | Z10: =SUM(V10:Y10) -> 3459762 | AA10: =Z10/Z9-1 -> -0.029499631 | AD10: 19/20 | AE10: =SUM(OFFSET(V10,0,0,1,$AD$3)) -> 3459762 | AF10: =AE10/AE9-1 -> -0.029499631 | AI10: 2020 | AJ10: =V10 -> 894393 | AK10: =AJ10+W10 -> 1786258 | AL10: =AK10+X10 -> 2598859 | AM10: =AL10+Y10 -> 3459762
B11: Q1 | 17/18 | C11: =SUM(D11:H11) -> 850107 | D11: =IF(ECA!C11=0,NA(),ECA!C11) -> 353286 | E11: =IF(CAA!C11=0,NA(),CAA!C11) -> 196476 | F11: =IF(NCA!C11=0,NA(),NCA!C11) -> 116080 | G11: =IF(IVC!C11=0,NA(),IVC!C11) -> 124000 | H11: =IF(BR!C11=0,NA(),BR!C11) -> 60265 | U11: 20/21 | V11: =C23 -> 890571 | W11: =C24 -> 900134 | X11: =C25 -> 865508 | Y11: =C26 -> 920397 | Z11: =SUM(V11:Y11) -> 3576610 | AA11: =Z11/Z10-1 -> 0.033773421 | AD11: 20/21 | AE11: =SUM(OFFSET(V11,0,0,1,$AD$3)) -> 3576610 | AF11: =AE11/AE10-1 -> 0.033773421 | AI11: 2021 | AJ11: =V11 -> 890571 | AK11: =AJ11+W11 -> 1790705 | AL11: =AK11+X11 -> 2656213 | AM11: =AL11+Y11 -> 3576610
B12: Q2 | 17/18 | C12: =SUM(D12:H12) -> 855759 | D12: =IF(ECA!C12=0,NA(),ECA!C12) -> 358432 | E12: =IF(CAA!C12=0,NA(),CAA!C12) -> 190244 | F12: =IF(NCA!C12=0,NA(),NCA!C12) -> 118778 | G12: =IF(IVC!C12=0,NA(),IVC!C12) -> 130000 | H12: =IF(BR!C12=0,NA(),BR!C12) -> 58305 | U12: 21/22 | V12: =C27 -> 929248 | W12: =C28 -> 912398 | X12: =C29 -> 916242 | Y12: =C30 -> 950094 | Z12: =SUM(V12:Y12) -> 3707982 | AA12: =Z12/Z11-1 -> 0.036730871 | AD12: 21/22 | AE12: =SUM(OFFSET(V12,0,0,1,$AD$3)) -> 3707982 | AF12: =AE12/AE11-1 -> 0.036730871 | AI12: 2022 | AJ12: =V12 -> 929248 | AK12: =AJ12+W12 -> 1841646 | AL12: =AK12+X12 -> 2757888 | AM12: =AL12+Y12 -> 3707982
B13: Q3 | 17/18 | C13: =SUM(D13:H13) -> 837530 | D13: =IF(ECA!C13=0,NA(),ECA!C13) -> 356109 | E13: =IF(CAA!C13=0,NA(),CAA!C13) -> 185394 | F13: =IF(NCA!C13=0,NA(),NCA!C13) -> 119301 | G13: =IF(IVC!C13=0,NA(),IVC!C13) -> 125000 | H13: =IF(BR!C13=0,NA(),BR!C13) -> 51726 | U13: 22/23 | V13: =IF(C31=0,"",C31) -> 930529 | W13: =IF(C32=0,"",C32) -> 960085 | X13: =IF(C33=0,"",C33) -> 884179 | Y13: =IF(C34=0,NA(),C34) -> 922671 | Z13: =SUM(V13:Y13) -> 3697464 | AA13: =Z13/Z12-1 -> -0.0028365833 | AD13: 22/23 | AE13: =SUM(OFFSET(V13,0,0,1,$AD$3)) -> 3697464 | AF13: =AE13/AE12-1 -> -0.0028365833 | AI13: 2023 | AJ13: =V13 -> 930529 | AK13: =AJ13+W13 -> 1890614 | AL13: =AK13+X13 -> 2774793 | AM13: =AL13+Y13 -> 3697464
B14: Q4 | 17/18 | C14: =SUM(D14:H14) -> 874536 | D14: =IF(ECA!C14=0,NA(),ECA!C14) -> 363122 | E14: =IF(CAA!C14=0,NA(),CAA!C14) -> 196418 | F14: =IF(NCA!C14=0,NA(),NCA!C14) -> 128494 | G14: =IF(IVC!C14=0,NA(),IVC!C14) -> 126347 | H14: =IF(BR!C14=0,NA(),BR!C14) -> 60155 | U14: 23/24 | V14: =IF(C35=0,"",C35) -> 898937 | W14: =C36 -> 935533 | X14: =IF(C37=0,"",C37) -> 862065 | Y14: =C38 -> 913855 | Z14: =SUM(V14:Y14) -> 3610390 | AA14: =Z14/Z13-1 -> -0.023549655 | AD14: 23/24 | AE14: =SUM(OFFSET(V14,0,0,1,$AD$3)) -> 3610390 | AF14: =AE14/AE13-1 -> -0.023549655 | AI14: 2024 | AJ14: =V14 -> 898937
B15: Q1 | 18/19 | C15: =SUM(D15:H15) -> 881322 | D15: =IF(ECA!C15=0,NA(),ECA!C15) -> 359103 | E15: =IF(CAA!C15=0,NA(),CAA!C15) -> 208900 | F15: =IF(NCA!C15=0,NA(),NCA!C15) -> 117222 | G15: =IF(IVC!C15=0,NA(),IVC!C15) -> 135510 | H15: =IF(BR!C15=0,NA(),BR!C15) -> 60587 | U15: 24/25 | V15: =C39 -> 894012 | W15: =C40 -> 905164 | X15: =C41 -> 788079 | Y15: =C42 -> 794361 | Z15: =SUM(V15:Y15) -> 3381616 | AA15: =Z15/Z14-1 -> -0.063365454 | AD15: 24/25 | AE15: =SUM(OFFSET(V15,0,0,1,$AD$3)) -> 3381616 | AF15: =AE15/AE14-1 -> -0.063365454
B16: Q2 | 18/19 | C16: =SUM(D16:H16) -> 890013 | D16: =IF(ECA!C16=0,NA(),ECA!C16) -> 370359 | E16: =IF(CAA!C16=0,NA(),CAA!C16) -> 208388 | F16: =IF(NCA!C16=0,NA(),NCA!C16) -> 121801 | G16: =IF(IVC!C16=0,NA(),IVC!C16) -> 133000 | H16: =IF(BR!C16=0,NA(),BR!C16) -> 56465 | U16: 25/26 | V16: =C43 -> 824574 | W16: =C44 -> 878999 | X16: =C45 -> 788079 | Y16: =C46 -> 794361 | Z16: =SUM(V16:Y16) -> 3286013 | AD16: 25/26 | AE16: =SUM(OFFSET(V16,0,0,1,$AD$3)) -> 3286013 | AF16: =AE16/AE15-1 -> -0.028271395
B17: Q3 | 18/19 | C17: =SUM(D17:H17) -> 882822 | D17: =IF(ECA!C17=0,NA(),ECA!C17) -> 344890 | E17: =IF(CAA!C17=0,NA(),CAA!C17) -> 215574 | F17: =IF(NCA!C17=0,NA(),NCA!C17) -> 124050 | G17: =IF(IVC!C17=0,NA(),IVC!C17) -> 139000 | H17: =IF(BR!C17=0,NA(),BR!C17) -> 59308
B18: Q4 | 18/19 | C18: =SUM(D18:H18) -> 910769 | D18: =IF(ECA!C18=0,NA(),ECA!C18) -> 362940 | E18: =IF(CAA!C18=0,NA(),CAA!C18) -> 225356 | F18: =IF(NCA!C18=0,NA(),NCA!C18) -> 123208 | G18: =IF(IVC!C18=0,NA(),IVC!C18) -> 140473 | H18: =IF(BR!C18=0,NA(),BR!C18) -> 58792 | U18: YoY Change | AD18: Choose Quarter | AF18: Q4
B19: Q1 | 19/20 | C19: =SUM(D19:H19) -> 894393 | D19: =IF(ECA!C19=0,NA(),ECA!C19) -> 355201 | E19: =IF(CAA!C19=0,NA(),CAA!C19) -> 227013 | F19: =IF(NCA!C19=0,NA(),NCA!C19) -> 110371 | G19: =IF(IVC!C19=0,NA(),IVC!C19) -> 144314 | H19: =IF(BR!C19=0,NA(),BR!C19) -> 57494 | V19: Q1 | W19: Q2 | X19: Q3 | Y19: Q4
B20: Q2 | 19/20 | C20: =SUM(D20:H20) -> 891865 | D20: =IF(ECA!C20=0,NA(),ECA!C20) -> 368934 | E20: =IF(CAA!C20=0,NA(),CAA!C20) -> 207356 | F20: =IF(NCA!C20=0,NA(),NCA!C20) -> 115591 | G20: =IF(IVC!C20=0,NA(),IVC!C20) -> 139821 | H20: =IF(BR!C20=0,NA(),BR!C20) -> 60163 | U20: 16/17
B21: Q3 | 19/20 | C21: =SUM(D21:H21) -> 812601 | D21: =IF(ECA!C21=0,NA(),ECA!C21) -> 314108 | E21: =IF(CAA!C21=0,NA(),CAA!C21) -> 202674 | F21: =IF(NCA!C21=0,NA(),NCA!C21) -> 110776 | G21: =IF(IVC!C21=0,NA(),IVC!C21) -> 139559 | H21: =IF(BR!C21=0,NA(),BR!C21) -> 45484 | U21: 17/18 | V21: =IFERROR(V8/V7-1,"") -> 0.033452915 | W21: =IFERROR(W8/W7-1,"") -> 0.040323904 | X21: =IFERROR(X8/X7-1,"") -> 0.049517928 | Y21: =IFERROR(Y8/Y7-1,"") -> 0.027851333
B22: Q4 | 19/20 | C22: =SUM(D22:H22) -> 860903 | D22: =IF(ECA!C22=0,NA(),ECA!C22) -> 345730 | E22: =IF(CAA!C22=0,NA(),CAA!C22) -> 202665 | F22: =IF(NCA!C22=0,NA(),NCA!C22) -> 118260 | G22: =IF(IVC!C22=0,NA(),IVC!C22) -> 135954 | H22: =IF(BR!C22=0,NA(),BR!C22) -> 58294 | U22: 18/19 | V22: =IFERROR(V9/V8-1,"") -> 0.036718907 | W22: =IFERROR(W9/W8-1,"") -> 0.040027625 | X22: =IFERROR(X9/X8-1,"") -> 0.054078063 | Y22: =IFERROR(Y9/Y8-1,"") -> 0.041431113 | AE22: =_xlfn.XLOOKUP(AF18,V6:Y6,V5:Y5) -> 4
B23: Q1 | 20/21 | C23: =SUM(D23:H23) -> 890571 | D23: =IF(ECA!C23=0,NA(),ECA!C23) -> 344151 | E23: =IF(CAA!C23=0,NA(),CAA!C23) -> 217546 | F23: =IF(NCA!C23=0,NA(),NCA!C23) -> 118043 | G23: =IF(IVC!C23=0,NA(),IVC!C23) -> 150241 | H23: =IF(BR!C23=0,NA(),BR!C23) -> 60590 | U23: 19/20 | V23: =IFERROR(V10/V9-1,"") -> 0.014831129 | W23: =IFERROR(W10/W9-1,"") -> 0.0020808685 | X23: =IFERROR(X10/X9-1,"") -> -0.079541516 | Y23: =IFERROR(Y10/Y9-1,"") -> -0.054751534 | AE23: Year
B24: Q2 | 20/21 | C24: =SUM(D24:H24) -> 900134 | D24: =IF(ECA!C24=0,NA(),ECA!C24) -> 357815 | E24: =IF(CAA!C24=0,NA(),CAA!C24) -> 213858 | F24: =IF(NCA!C24=0,NA(),NCA!C24) -> 117956 | G24: =IF(IVC!C24=0,NA(),IVC!C24) -> 150593 | H24: =IF(BR!C24=0,NA(),BR!C24) -> 59912 | U24: 20/21 | V24: =IFERROR(V11/V10-1,"") -> -0.0042732893 | W24: =IFERROR(W11/W10-1,"") -> 0.0092715826 | X24: =IFERROR(X11/X10-1,"") -> 0.065108214 | Y24: =IFERROR(Y11/Y10-1,"") -> 0.069106508 | AE24: 16/17 | AF24: {=OFFSET(U7,0,$AE$22,COUNT($V$7:$V$16),1)} -> 850839
B25: Q3 | 20/21 | C25: =SUM(D25:H25) -> 865508 | D25: =IF(ECA!C25=0,NA(),ECA!C25) -> 356854 | E25: =IF(CAA!C25=0,NA(),CAA!C25) -> 220865 | F25: =IF(NCA!C25=0,NA(),NCA!C25) -> 123719 | G25: =IF(IVC!C25=0,NA(),IVC!C25) -> 109471 | H25: =IF(BR!C25=0,NA(),BR!C25) -> 54599 | U25: 21/22 | V25: =IFERROR(V12/V11-1,"") -> 0.04342944 | W25: =IFERROR(W12/W11-1,"") -> 0.013624638 | X25: =IFERROR(X12/X11-1,"") -> 0.058617598 | Y25: =IFERROR(Y12/Y11-1,"") -> 0.032265425 | AE25: 17/18 | AF25: 874536 | AH25: =_xlfn.CONCAT(A1," ",AF18," across Years") -> All Reported Grind : ECA + CAA + NCA + IVC (Gepex) + BR Q4 across Years
B26: Q4 | 20/21 | C26: =SUM(D26:H26) -> 920397 | D26: =IF(ECA!C26=0,NA(),ECA!C26) -> 375811 | E26: =IF(CAA!C26=0,NA(),CAA!C26) -> 210970 | F26: =IF(NCA!C26=0,NA(),NCA!C26) -> 123399 | G26: =IF(IVC!C26=0,NA(),IVC!C26) -> 154121 | H26: =IF(BR!C26=0,NA(),BR!C26) -> 56096 | U26: 22/23 | V26: =IFERROR(V13/V12-1,"") -> 0.001378534 | W26: =IFERROR(W13/W12-1,"") -> 0.052265568 | X26: =IFERROR(X13/X12-1,"") -> -0.03499403 | Y26: =IFERROR(Y13/Y12-1,"") -> -0.02886346 | AE26: 18/19 | AF26: 910769
B27: Q1 | 21/22 | C27: =SUM(D27:H27) -> 929248 | D27: =IF(ECA!C27=0,NA(),ECA!C27) -> 365826 | E27: =IF(CAA!C27=0,NA(),CAA!C27) -> 231309 | F27: =IF(NCA!C27=0,NA(),NCA!C27) -> 116641 | G27: =IF(IVC!C27=0,NA(),IVC!C27) -> 158272 | H27: =IF(BR!C27=0,NA(),BR!C27) -> 57200 | U27: 23/24 | V27: =IFERROR(V14/V13-1,"") -> -0.033950581 | W27: =IFERROR(W14/W13-1,"") -> -0.025572736 | X27: =IFERROR(X14/X13-1,"") -> -0.025010773 | Y27: =IFERROR(Y14/Y13-1,"") -> -0.0095548684 | AE27: 19/20 | AF27: 860903
B28: Q2 | 21/22 | C28: =SUM(D28:H28) -> 912398 | D28: =IF(ECA!C28=0,NA(),ECA!C28) -> 373498 | E28: =IF(CAA!C28=0,NA(),CAA!C28) -> 213313 | F28: =IF(NCA!C28=0,NA(),NCA!C28) -> 114694 | G28: =IF(IVC!C28=0,NA(),IVC!C28) -> 155454 | H28: =IF(BR!C28=0,NA(),BR!C28) -> 55439 | U28: 24/25 | V28: =IFERROR(V15/V14-1,"") -> -0.0054786932 | W28: =IFERROR(W15/W14-1,"") -> -0.032461709 | X28: =IFERROR(X15/X14-1,"") -> -0.085824155 | Y28: =IFERROR(Y15/Y14-1,"") -> -0.13075816 | AE28: 20/21 | AF28: 920397
B29: Q3 | 21/22 | C29: =SUM(D29:H29) -> 916242 | D29: =IF(ECA!C29=0,NA(),ECA!C29) -> 364081 | E29: =IF(CAA!C29=0,NA(),CAA!C29) -> 228895 | F29: =IF(NCA!C29=0,NA(),NCA!C29) -> 115899 | G29: =IF(IVC!C29=0,NA(),IVC!C29) -> 156723 | H29: =IF(BR!C29=0,NA(),BR!C29) -> 50644 | U29: 25/26 | V29: =IFERROR(V16/V15-1,"") -> -0.077670098 | W29: =IFERROR(W16/W15-1,"") -> -0.028906364 | X29: =IFERROR(X16/X15-1,"") -> 0 | Y29: =IFERROR(Y16/Y15-1,"") -> 0 | AE29: 21/22 | AF29: 950094
B30: Q4 | 21/22 | C30: =SUM(D30:H30) -> 950094 | D30: =IF(ECA!C30=0,NA(),ECA!C30) -> 369679 | E30: =IF(CAA!C30=0,NA(),CAA!C30) -> 231080 | F30: =IF(NCA!C30=0,NA(),NCA!C30) -> 119244 | G30: =IF(IVC!C30=0,NA(),IVC!C30) -> 171000 | H30: =IF(BR!C30=0,NA(),BR!C30) -> 59091 | AE30: 22/23 | AF30: 922671
B31: Q1 | 22/23 | C31: =SUM(D31:H31) -> 930529 | D31: =IF(ECA!C31=0,NA(),ECA!C31) -> 359577 | E31: =IF(CAA!C31=0,NA(),CAA!C31) -> 230806 | F31: =IF(NCA!C31=0,NA(),NCA!C31) -> 107130 | G31: =IF(IVC!C31=0,NA(),IVC!C31) -> 172357 | H31: =IF(BR!C31=0,NA(),BR!C31) -> 60659 | AE31: 23/24 | AF31: 913855
B32: Q2 | 22/23 | C32: =SUM(D32:H32) -> 960085 | D32: =IF(ECA!C32=0,NA(),ECA!C32) -> 375375 | E32: =IF(CAA!C32=0,NA(),CAA!C32) -> 222028 | F32: =IF(NCA!C32=0,NA(),NCA!C32) -> 109666 | G32: =IF(IVC!C32=0,NA(),IVC!C32) -> 189000 | H32: =IF(BR!C32=0,NA(),BR!C32) -> 64016 | U32: QoQ Change | AE32: 24/25 | AF32: 794361
B33: Q3 | 22/23 | C33: =SUM(D33:H33) -> 884179 | D33: =IF(ECA!C33=0,NA(),ECA!C33) -> 343283 | E33: =IF(CAA!C33=0,NA(),CAA!C33) -> 213977 | F33: =IF(NCA!C33=0,NA(),NCA!C33) -> 102493 | G33: =IF(IVC!C33=0,NA(),IVC!C33) -> 162000 | H33: =IF(BR!C33=0,NA(),BR!C33) -> 62426 | V33: Q1 | W33: Q2 | X33: Q3 | Y33: Q4 | AE33: 25/26 | AF33: 794361
B34: Q4 | 22/23 | C34: =SUM(D34:H34) -> 922671 | D34: =IF(ECA!C34=0,NA(),ECA!C34) -> 366298 | E34: =IF(CAA!C34=0,NA(),CAA!C34) -> 211468 | F34: =IF(NCA!C34=0,NA(),NCA!C34) -> 97881 | G34: =IF(IVC!C34=0,NA(),IVC!C34) -> 183000 | H34: =IF(BR!C34=0,NA(),BR!C34) -> 64024 | U34: 16/17 | W34: =IFERROR(W7/V7-1,"") -> 0 | X34: =IFERROR(X7/W7-1,"") -> -0.029875187 | Y34: =IFERROR(Y7/X7-1,"") -> 0.066195581
B35: Q1 | 23/24 | C35: =SUM(D35:H35) -> 898937 | D35: =IF(ECA!C35=0,NA(),ECA!C35) -> 350739 | E35: =IF(CAA!C35=0,NA(),CAA!C35) -> 211202 | F35: =IF(NCA!C35=0,NA(),NCA!C35) -> 103971 | G35: =IF(IVC!C35=0,NA(),IVC!C35) -> 170000 | H35: =IF(BR!C35=0,NA(),BR!C35) -> 63025 | U35: 17/18 | V35: =IFERROR(V8/Y7-1,"") -> -0.00086032728 | W35: =IFERROR(W8/V8-1,"") -> 0.0066485748 | X35: =IFERROR(X8/W8-1,"") -> -0.021301558 | Y35: =IFERROR(Y8/X8-1,"") -> 0.044184686
B36: Q2 | 23/24 | C36: =SUM(D36:H36) -> 935533 | D36: =IF(ECA!C36=0,NA(),ECA!C36) -> 367287 | E36: =IF(CAA!C36=0,NA(),CAA!C36) -> 225562 | F36: =IF(NCA!C36=0,NA(),NCA!C36) -> 113683 | G36: =IF(IVC!C36=0,NA(),IVC!C36) -> 169059 | H36: =IF(BR!C36=0,NA(),BR!C36) -> 59942 | U36: 18/19 | V36: =IFERROR(V9/Y8-1,"") -> 0.0077595433 | W36: =IFERROR(W9/V9-1,"") -> 0.009861322 | X36: =IFERROR(X9/W9-1,"") -> -0.0080796573 | Y36: =IFERROR(Y9/X9-1,"") -> 0.031656438
B37: Q3 | 23/24 | C37: =SUM(D37:H37) -> 862065 | D37: =IF(ECA!C37=0,NA(),ECA!C37) -> 357502 | E37: =IF(CAA!C37=0,NA(),CAA!C37) -> 215528 | F37: =IF(NCA!C37=0,NA(),NCA!C37) -> 104781 | G37: =IF(IVC!C37=0,NA(),IVC!C37) -> 129819 | H37: =IF(BR!C37=0,NA(),BR!C37) -> 54435 | U37: 19/20 | V37: =IFERROR(V10/Y9-1,"") -> -0.01798041 | W37: =IFERROR(W10/V10-1,"") -> -0.002826498 | X37: =IFERROR(X10/W10-1,"") -> -0.088874437 | Y37: =IFERROR(Y10/X10-1,"") -> 0.059441226
B38: Q4 | 23/24 | C38: =SUM(D38:H38) -> 913855 | D38: =IF(ECA!C38=0,NA(),ECA!C38) -> 354334 | E38: =IF(CAA!C38=0,NA(),CAA!C38) -> 221205 | F38: =IF(NCA!C38=0,NA(),NCA!C38) -> 109264 | G38: =IF(IVC!C38=0,NA(),IVC!C38) -> 173684 | H38: =IF(BR!C38=0,NA(),BR!C38) -> 55368 | U38: 20/21 | V38: =IFERROR(V11/Y10-1,"") -> 0.03446149 | W38: =IFERROR(W11/V11-1,"") -> 0.010738055 | X38: =IFERROR(X11/W11-1,"") -> -0.038467606 | Y38: =IFERROR(Y11/X11-1,"") -> 0.063418247
B39: Q1 | 24/25 | C39: =SUM(D39:H39) -> 894012 | D39: =IF(ECA!C39=0,NA(),ECA!C39) -> 331853 | E39: =IF(CAA!C39=0,NA(),CAA!C39) -> 214505 | F39: =IF(NCA!C39=0,NA(),NCA!C39) -> 102761 | G39: =IF(IVC!C39=0,NA(),IVC!C39) -> 182325 | H39: =IF(BR!C39=0,NA(),BR!C39) -> 62568 | U39: 21/22 | V39: =IFERROR(V12/Y11-1,"") -> 0.0096165024 | W39: =IFERROR(W12/V12-1,"") -> -0.018132942 | X39: =IFERROR(X12/W12-1,"") -> 0.0042130737 | Y39: =IFERROR(Y12/X12-1,"") -> 0.036946571
B40: Q2 | 24/25 | C40: =SUM(D40:H40) -> 905164 | D40: =IF(ECA!C40=0,NA(),ECA!C40) -> 353522 | E40: =IF(CAA!C40=0,NA(),CAA!C40) -> 217459 | F40: =IF(NCA!C40=0,NA(),NCA!C40) -> 110278 | G40: =IF(IVC!C40=0,NA(),IVC!C40) -> 169163 | H40: =IF(BR!C40=0,NA(),BR!C40) -> 54742 | U40: 22/23 | V40: =IFERROR(V13/Y12-1,"") -> -0.020592699 | W40: =IFERROR(W13/V13-1,"") -> 0.031762578 | X40: =IFERROR(X13/W13-1,"") -> -0.07906175 | Y40: =IFERROR(Y13/X13-1,"") -> 0.043534171
B41: Q3 | 24/25 | C41: =SUM(D41:H41) -> 788079 | D41: =IF(ECA!C41=0,NA(),ECA!C41) -> 331762 | E41: =IF(CAA!C41=0,NA(),CAA!C41) -> 182118 | F41: =IF(NCA!C41=0,NA(),NCA!C41) -> 101865 | G41: =IF(IVC!C41=0,NA(),IVC!C41) -> 124277 | H41: =IF(BR!C41=0,NA(),BR!C41) -> 48057 | U41: 23/24 | V41: =IFERROR(V14/Y13-1,"") -> -0.025723145 | W41: =IFERROR(W14/V14-1,"") -> 0.040710306 | X41: =IFERROR(X14/W14-1,"") -> -0.078530634 | Y41: =IFERROR(Y14/X14-1,"") -> 0.060076676
B42: Q4 | 24/25 | C42: =SUM(D42:H42) -> 794361 | D42: =IF(ECA!C42=0,NA(),ECA!C42) -> 337353 | E42: =IF(CAA!C42=0,NA(),CAA!C42) -> 183413 | F42: =IF(NCA!C42=0,NA(),NCA!C42) -> 112784 | G42: =IF(IVC!C42=0,NA(),IVC!C42) -> 112341 | H42: =IF(BR!C42=0,NA(),BR!C42) -> 48470 | U42: 24/25 | V42: =IFERROR(V15/Y14-1,"") -> -0.02171351 | W42: =IFERROR(W15/V15-1,"") -> 0.012474105 | X42: =IFERROR(X15/W15-1,"") -> -0.12935225 | Y42: =IFERROR(Y15/X15-1,"") -> 0.0079712821
B43: Q1 | 25/26 | C43: =SUM(D43:H43) -> 824574 | D43: =IF(ECA!C43=0,NA(),ECA!C43) -> 304470 | E43: =IF(CAA!C43=0,NA(),CAA!C43) -> 197022 | F43: =IF(NCA!C43=0,NA(),NCA!C43) -> 103117 | G43: =IF(IVC!C43=0,NA(),IVC!C43) -> 165558 | H43: =IF(BR!C43=0,NA(),BR!C43) -> 54407 | U43: 25/26 | V43: =IFERROR(V16/Y15-1,"") -> 0.038034345 | W43: =IFERROR(W16/V16-1,"") -> 0.066003779 | X43: =IFERROR(X16/W16-1,"") -> -0.10343584 | Y43: =IFERROR(Y16/X16-1,"") -> 0.0079712821
B44: Q2 | 25/26 | C44: =SUM(D44:H44) -> 878999 | D44: =IF(ECA!C44=0,NA(),ECA!C44) -> 325895 | E44: =IF(CAA!C44=0,NA(),CAA!C44) -> 223503 | F44: =IF(NCA!C44=0,NA(),NCA!C44) -> 106087 | G44: =IF(IVC!C44=0,NA(),IVC!C44) -> 169213 | H44: =IF(BR!C44=0,NA(),BR!C44) -> 54301
B45: Q3 | 25/26 | C45: =C41*(1+$C$49) -> 788079 | D45: =D41*(1+$C$49) -> 331762 | E45: =E41*(1+$C$49) -> 182118 | F45: =F41*(1+$C$49) -> 101865 | G45: =G41*(1+$C$49) -> 124277 | H45: =H41*(1+$C$49) -> 48057
B46: Q4 | 25/26 | C46: =C42*(1+$C$49) -> 794361 | D46: =D42*(1+$C$49) -> 337353 | E46: =E42*(1+$C$49) -> 183413 | F46: =F42*(1+$C$49) -> 112784 | G46: =G42*(1+$C$49) -> 112341 | H46: =H42*(1+$C$49) -> 48470
B49: Scenario 1 | C49: 0 | M49: Total | N49: ECA | O49: CAA | P49: NCA | Q49: IVC | R49: BR
L50: Avg | M50: =AVERAGE(C7:C42) -> 880853.14 | N50: =AVERAGE(D7:D43) -> 352926.49 | O50: =AVERAGE(E7:E43) -> 207723.57 | P50: =AVERAGE(F7:F43) -> 114647.38 | Q50: =AVERAGE(G7:G43) -> 146768.54 | R50: =AVERAGE(H7:H43) -> 57266.108
N52: ECA | O52: CAA | P52: NCA | Q52: IVC | R52: BR
N53: =N50/$M$50 -> 0.40066439 | O53: =O50/$M$50 -> 0.23582089 | P53: =P50/$M$50 -> 0.13015493 | Q53: =Q50/$M$50 -> 0.1666209 | R53: =R50/$M$50 -> 0.065012095
G137: Visible Grind | H137: Global Grind (CCS) | I137: Non Visible Grind | O137: 60780
F138: Q1 | 23/24 | G138: 898937 | H138: 1133619 | I138: =H138-G138 -> 234682 | O138: 81866
F139: Q2 | 23/24 | G139: 931501 | H139: 1188932 | I139: =H139-G139 -> 257431 | O139: 24582
F140: Q3 | 23/24 | G140: 857505 | H140: 1147784 | I140: =H140-G140 -> 290279
F141: Q4 | 23/24 | G141: 909648 | H141: 1139289 | I141: =H141-G141 -> 229641
F142: Q1 | 24/25 | G142: 886639 | H142: 1127894 | I142: =H142-G142 -> 241255 | O142: =SUM(O137:O139) -> 167228
F143: Q2 | 24/25 | G143: 898996 | H143: 1198656 | I143: =H143-G143 -> 299660
F144: Q3 | 24/25 | G144: 775695 | H144: 1104060 | I144: =H144-G144 -> 328365
F145: Q4 | 24/25 | G145: 796661 | H145: 1019749 | I145: =H145-G145 -> 223088

Sheet NCA
A1: NCA Grinds
Y3: =COUNT(Q16:T16) -> 3 | Z3: =OFFSET(P6,0,$Y$3,1,1) -> Q3
Q5: 1 | R5: 2 | S5: 3 | T5: 4
B6: Quarter | C6: Grind | Q6: Q1 | R6: Q2 | S6: Q3 | T6: Q4 | U6: Q1-Q4 | V6: % | Y6: Crop Year | Z6: =_xlfn.CONCAT("YTD (Q1 to ",Z3,")") -> YTD (Q1 to Q3) | AA6: % | AE6: Q1 | AF6: Q2 | AG6: Q3 | AH6: Q4
B7: Q1 | 16/17 | C7: 120152 | P7: 16/17 | Q7: =C7 -> 120152 | R7: =C8 -> 120152 | S7: =C9 -> 123125 | T7: =C10 -> 125323 | U7: =SUM(Q7:T7) -> 488752 | Y7: 16/17 | Z7: =SUM(OFFSET(Q7,0,0,1,$Y$3)) -> 363429 | AD7: =P7 -> 16/17 | AE7: =Q7 -> 120152 | AF7: =AE7+R7 -> 240304 | AG7: =AF7+S7 -> 363429 | AH7: =AG7+T7 -> 488752
B8: Q2 | 16/17 | C8: 120152 | P8: 17/18 | Q8: =C11 -> 116080 | R8: =C12 -> 118778 | S8: =C13 -> 119301 | T8: =C14 -> 128494 | U8: =SUM(Q8:T8) -> 482653 | V8: =U8/U7-1 -> -0.012478721 | Y8: 17/18 | Z8: =SUM(OFFSET(Q8,0,0,1,$Y$3)) -> 354159 | AA8: =Z8/Z7-1 -> -0.025507045 | AD8: =P8 -> 17/18 | AE8: =Q8 -> 116080 | AF8: =AE8+R8 -> 234858 | AG8: =AF8+S8 -> 354159 | AH8: =AG8+T8 -> 482653
B9: Q3 | 16/17 | C9: 123125 | P9: 18/19 | Q9: =C15 -> 117222 | R9: =C16 -> 121801 | S9: =C17 -> 124050 | T9: =C18 -> 123208 | U9: =SUM(Q9:T9) -> 486281 | V9: =U9/U8-1 -> 0.0075167874 | Y9: 18/19 | Z9: =SUM(OFFSET(Q9,0,0,1,$Y$3)) -> 363073 | AA9: =Z9/Z8-1 -> 0.025169486 | AD9: =P9 -> 18/19 | AE9: =Q9 -> 117222 | AF9: =AE9+R9 -> 239023 | AG9: =AF9+S9 -> 363073 | AH9: =AG9+T9 -> 486281
B10: Q4 | 16/17 | C10: 125323 | P10: 19/20 | Q10: =C19 -> 110371 | R10: =C20 -> 115591 | S10: =C21 -> 110776 | T10: =C22 -> 118260 | U10: =SUM(Q10:T10) -> 454998 | V10: =U10/U9-1 -> -0.064331117 | Y10: 19/20 | Z10: =SUM(OFFSET(Q10,0,0,1,$Y$3)) -> 336738 | AA10: =Z10/Z9-1 -> -0.072533623 | AD10: =P10 -> 19/20 | AE10: =Q10 -> 110371 | AF10: =AE10+R10 -> 225962 | AG10: =AF10+S10 -> 336738 | AH10: =AG10+T10 -> 454998
B11: Q1 | 17/18 | C11: 116080 | P11: 20/21 | Q11: =C23 -> 118043 | R11: =C24 -> 117956 | S11: =C25 -> 123719 | T11: =C26 -> 123399 | U11: =SUM(Q11:T11) -> 483117 | V11: =U11/U10-1 -> 0.061800272 | Y11: 20/21 | Z11: =SUM(OFFSET(Q11,0,0,1,$Y$3)) -> 359718 | AA11: =Z11/Z10-1 -> 0.068242966 | AD11: =P11 -> 20/21 | AE11: =Q11 -> 118043 | AF11: =AE11+R11 -> 235999 | AG11: =AF11+S11 -> 359718 | AH11: =AG11+T11 -> 483117
B12: Q2 | 17/18 | C12: 118778 | P12: 21/22 | Q12: =C27 -> 116641 | R12: =C28 -> 114694 | S12: =C29 -> 115899 | T12: =C30 -> 119244 | U12: =SUM(Q12:T12) -> 466478 | V12: =U12/U11-1 -> -0.034440933 | Y12: 21/22 | Z12: =SUM(OFFSET(Q12,0,0,1,$Y$3)) -> 347234 | AA12: =Z12/Z11-1 -> -0.034704963 | AD12: =P12 -> 21/22 | AE12: =Q12 -> 116641 | AF12: =AE12+R12 -> 231335 | AG12: =AF12+S12 -> 347234 | AH12: =AG12+T12 -> 466478
B13: Q3 | 17/18 | C13: 119301 | P13: 22/23 | Q13: =IF(C31=0,"",C31) -> 107130 | R13: =IF(C32=0,"",C32) -> 109666 | S13: =IF(C33=0,"",C33) -> 102493 | T13: =IF(C34=0,NA(),C34) -> 97881 | U13: =SUM(Q13:T13) -> 417170 | V13: =U13/U12-1 -> -0.10570273 | Y13: 22/23 | Z13: =SUM(OFFSET(Q13,0,0,1,$Y$3)) -> 319289 | AA13: =Z13/Z12-1 -> -0.08047887 | AD13: =P13 -> 22/23 | AE13: =Q13 -> 107130 | AF13: =AE13+R13 -> 216796 | AG13: =AF13+S13 -> 319289 | AH13: =AG13+T13 -> 417170
B14: Q4 | 17/18 | C14: 128494 | P14: 23/24 | Q14: =IF(C35=0,"",C35) -> 103971 | R14: =C36 -> 113683 | S14: =C37 -> 104781 | T14: =C38 -> 109264 | U14: =SUM(Q14:T14) -> 431699 | V14: =U14/U13-1 -> 0.034827528 | Y14: 23/24 | Z14: =SUM(OFFSET(Q14,0,0,1,$Y$3)) -> 322435 | AA14: =Z14/Z13-1 -> 0.0098531425 | AD14: =P14 -> 23/24 | AE14: =Q14 -> 103971 | AF14: =AE14+R14 -> 217654 | AG14: =AF14+S14 -> 322435 | AH14: =AG14+T14 -> 431699
B15: Q1 | 18/19 | C15: 117222 | P15: 24/25 | Q15: =C39 -> 102761 | R15: =C40 -> 110278 | S15: =C41 -> 101865 | T15: =C42 -> 112784 | U15: =SUM(Q15:T15) -> 427688 | V15: =U15/U14-1 -> -0.0092911959 | Y15: 24/25 | Z15: =SUM(OFFSET(Q15,0,0,1,$Y$3)) -> 314904 | AA15: =Z15/Z14-1 -> -0.023356646 | AD15: =P15 -> 24/25 | AE15: =Q15 -> 102761
B16: Q2 | 18/19 | C16: 121801 | P16: 25/26 | Q16: =C43 -> 103117 | R16: =C44 -> 106087 | S16: =C45 -> 109659 | Y16: 25/26 | Z16: =SUM(OFFSET(Q16,0,0,1,$Y$3)) -> 318863 | AA16: =Z16/Z15-1 -> 0.012572085
B17: Q3 | 18/19 | C17: 124050
B18: Q4 | 18/19 | C18: 123208 | P18: YoY Change | Y18: Choose Quarter | AA18: Q3
B19: Q1 | 19/20 | C19: 110371 | Q19: Q1 | R19: Q2 | S19: Q3 | T19: Q4
B20: Q2 | 19/20 | C20: 115591 | P20: 16/17
B21: Q3 | 19/20 | C21: 110776 | P21: 17/18 | Q21: =IFERROR(Q8/Q7-1,"") -> -0.033890405 | R21: =IFERROR(R8/R7-1,"") -> -0.011435515 | S21: =IFERROR(S8/S7-1,"") -> -0.031057868 | T21: =IFERROR(T8/T7-1,"") -> 0.025302618
B22: Q4 | 19/20 | C22: 118260 | P22: 18/19 | Q22: =IFERROR(Q9/Q8-1,"") -> 0.0098380427 | R22: =IFERROR(R9/R8-1,"") -> 0.025450841 | S22: =IFERROR(S9/S8-1,"") -> 0.039806875 | T22: =IFERROR(T9/T8-1,"") -> -0.041138108 | Z22: =_xlfn.XLOOKUP(AA18,Q6:T6,Q5:T5) -> 3
B23: Q1 | 20/21 | C23: 118043 | P23: 19/20 | Q23: =IFERROR(Q10/Q9-1,"") -> -0.058444661 | R23: =IFERROR(R10/R9-1,"") -> -0.050984803 | S23: =IFERROR(S10/S9-1,"") -> -0.10700524 | T23: =IFERROR(T10/T9-1,"") -> -0.04015973 | Z23: Year
B24: Q2 | 20/21 | C24: 117956 | P24: 20/21 | Q24: =IFERROR(Q11/Q10-1,"") -> 0.069511013 | R24: =IFERROR(R11/R10-1,"") -> 0.02046007 | S24: =IFERROR(S11/S10-1,"") -> 0.11683939 | T24: =IFERROR(T11/T10-1,"") -> 0.043455099 | Z24: 16/17 | AA24: {=OFFSET(P7,0,$Z$22,COUNT($Q$7:$Q$16),1)} -> 123125
B25: Q3 | 20/21 | C25: 123719 | P25: 21/22 | Q25: =IFERROR(Q12/Q11-1,"") -> -0.011877028 | R25: =IFERROR(R12/R11-1,"") -> -0.02765438 | S25: =IFERROR(S12/S11-1,"") -> -0.063207753 | T25: =IFERROR(T12/T11-1,"") -> -0.033671262 | Z25: 17/18 | AA25: 119301 | AC25: =_xlfn.CONCAT(A1," ",AA18," across Years") -> NCA Grinds Q3 across Years
B26: Q4 | 20/21 | C26: 123399 | P26: 22/23 | Q26: =IFERROR(Q13/Q12-1,"") -> -0.081540796 | R26: =IFERROR(R13/R12-1,"") -> -0.043838387 | S26: =IFERROR(S13/S12-1,"") -> -0.11566968 | T26: =IFERROR(T13/T12-1,"") -> -0.17915367 | Z26: 18/19 | AA26: 124050
B27: Q1 | 21/22 | C27: 116641 | P27: 23/24 | Q27: =IFERROR(Q14/Q13-1,"") -> -0.029487539 | R27: =IFERROR(R14/R13-1,"") -> 0.036629402 | S27: =IFERROR(S14/S13-1,"") -> 0.022323476 | T27: =IFERROR(T14/T13-1,"") -> 0.11629428 | Z27: 19/20 | AA27: 110776
B28: Q2 | 21/22 | C28: 114694 | P28: 24/25 | Q28: =IFERROR(Q15/Q14-1,"") -> -0.011637861 | R28: =IFERROR(R15/R14-1,"") -> -0.029951708 | S28: =IFERROR(S15/S14-1,"") -> -0.027829473 | T28: =IFERROR(T15/T14-1,"") -> 0.032215551 | Z28: 20/21 | AA28: 123719
B29: Q3 | 21/22 | C29: 115899 | P29: 25/26 | Q29: =IFERROR(Q16/Q15-1,"") -> 0.0034643493 | R29: =IFERROR(R16/R15-1,"") -> -0.038003954 | S29: =IFERROR(S16/S15-1,"") -> 0.076513032 | Z29: 21/22 | AA29: 115899
B30: Q4 | 21/22 | C30: 119244 | Z30: 22/23 | AA30: 102493
B31: Q1 | 22/23 | C31: 107130 | Z31: 23/24 | AA31: 104781
B32: Q2 | 22/23 | C32: 109666 | P32: QoQ Change | Z32: 24/25 | AA32: 101865
B33: Q3 | 22/23 | C33: 102493 | Q33: Q1 | R33: Q2 | S33: Q3 | T33: Q4 | Z33: 25/26 | AA33: 109659
B34: Q4 | 22/23 | C34: 97881 | P34: 16/17 | R34: =IFERROR(R7/Q7-1,"") -> 0 | S34: =IFERROR(S7/R7-1,"") -> 0.024743658 | T34: =IFERROR(T7/S7-1,"") -> 0.017851777
B35: Q1 | 23/24 | C35: 103971 | P35: 17/18 | Q35: =IFERROR(Q8/T7-1,"") -> -0.073753421 | R35: =IFERROR(R8/Q8-1,"") -> 0.023242591 | S35: =IFERROR(S8/R8-1,"") -> 0.0044031723 | T35: =IFERROR(T8/S8-1,"") -> 0.077057191
B36: Q2 | 23/24 | C36: 113683 | P36: 18/19 | Q36: =IFERROR(Q9/T8-1,"") -> -0.08772394 | R36: =IFERROR(R9/Q9-1,"") -> 0.039062633 | S36: =IFERROR(S9/R9-1,"") -> 0.018464545 | T36: =IFERROR(T9/S9-1,"") -> -0.0067875857
B37: Q3 | 23/24 | C37: 104781 | P37: 19/20 | Q37: =IFERROR(Q10/T9-1,"") -> -0.10418966 | R37: =IFERROR(R10/Q10-1,"") -> 0.047295032 | S37: =IFERROR(S10/R10-1,"") -> -0.041655492 | T37: =IFERROR(T10/S10-1,"") -> 0.06755976
B38: Q4 | 23/24 | C38: 109264 | P38: 20/21 | Q38: =IFERROR(Q11/T10-1,"") -> -0.00183494 | R38: =IFERROR(R11/Q11-1,"") -> -0.00073701956 | S38: =IFERROR(S11/R11-1,"") -> 0.048857201 | T38: =IFERROR(T11/S11-1,"") -> -0.0025865065
B39: Q1 | 24/25 | C39: 102761 | P39: 21/22 | Q39: =IFERROR(Q12/T11-1,"") -> -0.054765436 | R39: =IFERROR(R12/Q12-1,"") -> -0.016692244 | S39: =IFERROR(S12/R12-1,"") -> 0.010506217 | T39: =IFERROR(T12/S12-1,"") -> 0.028861336
B40: Q2 | 24/25 | C40: 110278 | P40: 22/23 | Q40: =IFERROR(Q13/T12-1,"") -> -0.10159002 | R40: =IFERROR(R13/Q13-1,"") -> 0.023672174 | S40: =IFERROR(S13/R13-1,"") -> -0.065407692 | T40: =IFERROR(T13/S13-1,"") -> -0.044998195
B41: Q3 | 24/25 | C41: 101865 | P41: 23/24 | Q41: =IFERROR(Q14/T13-1,"") -> 0.062218408 | R41: =IFERROR(R14/Q14-1,"") -> 0.093410663 | S41: =IFERROR(S14/R14-1,"") -> -0.078305463 | T41: =IFERROR(T14/S14-1,"") -> 0.042784474
B42: Q4 | 24/25 | C42: 112784 | P42: 24/25 | Q42: =IFERROR(Q15/T14-1,"") -> -0.059516401 | R42: =IFERROR(R15/Q15-1,"") -> 0.07315032 | S42: =IFERROR(S15/R15-1,"") -> -0.076289015 | T42: =IFERROR(T15/S15-1,"") -> 0.10719089
B43: Q1 | 25/26 | C43: 103117 | P43: 25/26 | Q43: =IFERROR(Q16/T15-1,"") -> -0.085712512 | R43: =IFERROR(R16/Q16-1,"") -> 0.028802234 | S43: =IFERROR(S16/R16-1,"") -> 0.033670478
B44: Q2 | 25/26 | C44: 106087
B45: Q3 | 25/26 | C45: 109659
B46: Q4 | 25/26 | C46: 109978

Sheet CAA
A1: CAA Grinds
Y3: =COUNT(Q16:T16) -> 4 | Z3: =OFFSET(P6,0,$Y$3,1,1) -> Q4
C4: =Menu!H24 -> 0.25068757
Q5: 1 | R5: 2 | S5: 3 | T5: 4
B6: Quarter | C6: Grind | Q6: Q1 | R6: Q2 | S6: Q3 | T6: Q4 | U6: Q1-Q4 | V6: % | Y6: Crop Year | Z6: =_xlfn.CONCAT("YTD (Q1 to ",Z3,")") -> YTD (Q1 to Q4) | AA6: % | AE6: Q1 | AF6: Q2 | AG6: Q3 | AH6: Q4
B7: Q1 | 16/17 | C7: 177450 | P7: 16/17 | Q7: =C7 -> 177450 | R7: =C8 -> 177450 | S7: =C9 -> 160878 | T7: =C10 -> 189407 | U7: =SUM(Q7:T7) -> 705185 | Y7: =P7 -> 16/17 | Z7: =SUM(OFFSET(Q7,0,0,1,$Y$3)) -> 705185 | AD7: =P7 -> 16/17 | AE7: =Q7 -> 177450 | AF7: =AE7+R7 -> 354900 | AG7: =AF7+S7 -> 515778 | AH7: =AG7+T7 -> 705185
B8: Q2 | 16/17 | C8: 177450 | P8: 17/18 | Q8: =C11 -> 196476 | R8: =C12 -> 190244 | S8: =C13 -> 185394 | T8: =C14 -> 196418 | U8: =SUM(Q8:T8) -> 768532 | V8: =U8/U7-1 -> 0.089830328 | Y8: =P8 -> 17/18 | Z8: =SUM(OFFSET(Q8,0,0,1,$Y$3)) -> 768532 | AA8: =Z8/Z7-1 -> 0.089830328 | AD8: =P8 -> 17/18 | AE8: =Q8 -> 196476 | AF8: =AE8+R8 -> 386720 | AG8: =AF8+S8 -> 572114 | AH8: =AG8+T8 -> 768532
B9: Q3 | 16/17 | C9: 160878 | P9: 18/19 | Q9: =C15 -> 208900 | R9: =C16 -> 208388 | S9: =C17 -> 215574 | T9: =C18 -> 225356 | U9: =SUM(Q9:T9) -> 858218 | V9: =U9/U8-1 -> 0.11669781 | Y9: =P9 -> 18/19 | Z9: =SUM(OFFSET(Q9,0,0,1,$Y$3)) -> 858218 | AA9: =Z9/Z8-1 -> 0.11669781 | AD9: =P9 -> 18/19 | AE9: =Q9 -> 208900 | AF9: =AE9+R9 -> 417288 | AG9: =AF9+S9 -> 632862 | AH9: =AG9+T9 -> 858218
B10: Q4 | 16/17 | C10: 189407 | P10: 19/20 | Q10: =C19 -> 227013 | R10: =C20 -> 207356 | S10: =C21 -> 202674 | T10: =C22 -> 202665 | U10: =SUM(Q10:T10) -> 839708 | V10: =U10/U9-1 -> -0.021567947 | Y10: =P10 -> 19/20 | Z10: =SUM(OFFSET(Q10,0,0,1,$Y$3)) -> 839708 | AA10: =Z10/Z9-1 -> -0.021567947 | AD10: =P10 -> 19/20 | AE10: =Q10 -> 227013 | AF10: =AE10+R10 -> 434369 | AG10: =AF10+S10 -> 637043 | AH10: =AG10+T10 -> 839708
B11: Q1 | 17/18 | C11: 196476 | P11: 20/21 | Q11: =C23 -> 217546 | R11: =C24 -> 213858 | S11: =C25 -> 220865 | T11: =C26 -> 210970 | U11: =SUM(Q11:T11) -> 863239 | V11: =U11/U10-1 -> 0.028022837 | Y11: =P11 -> 20/21 | Z11: =SUM(OFFSET(Q11,0,0,1,$Y$3)) -> 863239 | AA11: =Z11/Z10-1 -> 0.028022837 | AD11: =P11 -> 20/21 | AE11: =Q11 -> 217546 | AF11: =AE11+R11 -> 431404 | AG11: =AF11+S11 -> 652269 | AH11: =AG11+T11 -> 863239
B12: Q2 | 17/18 | C12: 190244 | P12: 21/22 | Q12: =C27 -> 231309 | R12: =C28 -> 213313 | S12: =C29 -> 228895 | T12: =C30 -> 231080 | U12: =SUM(Q12:T12) -> 904597 | V12: =U12/U11-1 -> 0.047910254 | Y12: =P12 -> 21/22 | Z12: =SUM(OFFSET(Q12,0,0,1,$Y$3)) -> 904597 | AA12: =Z12/Z11-1 -> 0.047910254 | AD12: =P12 -> 21/22 | AE12: =Q12 -> 231309 | AF12: =AE12+R12 -> 444622 | AG12: =AF12+S12 -> 673517 | AH12: =AG12+T12 -> 904597
B13: Q3 | 17/18 | C13: 185394 | P13: 22/23 | Q13: =IF(C31=0,"",C31) -> 230806 | R13: =IF(C32=0,"",C32) -> 222028 | S13: =IF(C33=0,"",C33) -> 213977 | T13: =IF(C34=0,NA(),C34) -> 211468 | U13: =SUM(Q13:T13) -> 878279 | V13: =U13/U12-1 -> -0.029093618 | Y13: =P13 -> 22/23 | Z13: =SUM(OFFSET(Q13,0,0,1,$Y$3)) -> 878279 | AA13: =Z13/Z12-1 -> -0.029093618 | AD13: =P13 -> 22/23 | AE13: =Q13 -> 230806 | AF13: =AE13+R13 -> 452834 | AG13: =AF13+S13 -> 666811 | AH13: =AG13+T13 -> 878279
B14: Q4 | 17/18 | C14: 196418 | P14: 23/24 | Q14: =IF(C35=0,"",C35) -> 211202 | R14: 218062 | S14: 208028 | T14: 213705 | U14: =SUM(Q14:T14) -> 850997 | V14: =U14/U13-1 -> -0.031063022 | Y14: =P14 -> 23/24 | Z14: =SUM(OFFSET(Q14,0,0,1,$Y$3)) -> 850997 | AA14: =Z14/Z13-1 -> -0.031063022 | AD14: =P14 -> 23/24 | AE14: =Q14 -> 211202 | AF14: =AE14+R14 -> 429264 | AG14: =AF14+S14 -> 637292 | AH14: =AG14+T14 -> 850997
B15: Q1 | 18/19 | C15: 208900 | P15: 24/25 | Q15: 207004 | R15: 212459 | S15: 179618 | T15: 180913 | U15: =SUM(Q15:T15) -> 779994 | V15: =U15/U14-1 -> -0.083435077 | Y15: =P15 -> 24/25 | Z15: =SUM(OFFSET(Q15,0,0,1,$Y$3)) -> 779994 | AA15: =Z15/Z14-1 -> -0.083435077 | AD15: =P15 -> 24/25 | AE15: =Q15 -> 207004 | AF15: =AE15+R15 -> 419463 | AG15: =AF15+S15 -> 599081
B16: Q2 | 18/19 | C16: 208388 | P16: 25/26 | Q16: =C43 -> 197022 | R16: =C44 -> 223503 | S16: =C45 -> 224646 | T16: =C46 -> 233767 | U16: =SUM(Q16:T16) -> 878938 | V16: =U16/U15-1 -> 0.12685226 | Y16: 25/26 | Z16: =SUM(OFFSET(Q16,0,0,1,$Y$3)) -> 878938 | AA16: =Z16/Z15-1 -> 0.12685226
B17: Q3 | 18/19 | C17: 215574
B18: Q4 | 18/19 | C18: 225356 | P18: YoY Change | Y18: Choose Quarter | AA18: Q4
B19: Q1 | 19/20 | C19: 227013 | Q19: Q1 | R19: Q2 | S19: Q3 | T19: Q4
B20: Q2 | 19/20 | C20: 207356 | P20: 16/17
B21: Q3 | 19/20 | C21: 202674 | P21: 17/18 | Q21: =IFERROR(Q8/Q7-1,"") -> 0.10721893 | R21: =IFERROR(R8/R7-1,"") -> 0.072099183 | S21: =IFERROR(S8/S7-1,"") -> 0.15238877 | T21: =IFERROR(T8/T7-1,"") -> 0.037015527
B22: Q4 | 19/20 | C22: 202665 | P22: 18/19 | Q22: =IFERROR(Q9/Q8-1,"") -> 0.063234186 | R22: =IFERROR(R9/R8-1,"") -> 0.095372259 | S22: =IFERROR(S9/S8-1,"") -> 0.16278844 | T22: =IFERROR(T9/T8-1,"") -> 0.14732866 | Z22: =_xlfn.XLOOKUP(AA18,Q6:T6,Q5:T5) -> 4
B23: Q1 | 20/21 | C23: 217546 | P23: 19/20 | Q23: =IFERROR(Q10/Q9-1,"") -> 0.086706558 | R23: =IFERROR(R10/R9-1,"") -> -0.0049523005 | S23: =IFERROR(S10/S9-1,"") -> -0.05984024 | T23: =IFERROR(T10/T9-1,"") -> -0.10068958 | Z23: Year
B24: Q2 | 20/21 | C24: 213858 | P24: 20/21 | Q24: =IFERROR(Q11/Q10-1,"") -> -0.041702458 | R24: =IFERROR(R11/R10-1,"") -> 0.031356701 | S24: =IFERROR(S11/S10-1,"") -> 0.089754976 | T24: =IFERROR(T11/T10-1,"") -> 0.040978955 | Z24: 16/17 | AA24: {=OFFSET(P7,0,$Z$22,COUNT($Q$7:$Q$16),1)} -> 189407
B25: Q3 | 20/21 | C25: 220865 | P25: 21/22 | Q25: =IFERROR(Q12/Q11-1,"") -> 0.063264781 | R25: =IFERROR(R12/R11-1,"") -> -0.00254842 | S25: =IFERROR(S12/S11-1,"") -> 0.036357051 | T25: =IFERROR(T12/T11-1,"") -> 0.09532161 | Z25: 17/18 | AA25: 196418 | AC25: =_xlfn.CONCAT(A1," ",AA18," across Years") -> CAA Grinds Q4 across Years
B26: Q4 | 20/21 | C26: 210970 | P26: 22/23 | Q26: =IFERROR(Q13/Q12-1,"") -> -0.0021745803 | R26: =IFERROR(R13/R12-1,"") -> 0.040855457 | S26: =IFERROR(S13/S12-1,"") -> -0.065173988 | T26: =IFERROR(T13/T12-1,"") -> -0.08487104 | Z26: 18/19 | AA26: 225356
B27: Q1 | 21/22 | C27: 231309 | P27: 23/24 | Q27: =IFERROR(Q14/Q13-1,"") -> -0.084937133 | R27: =IFERROR(R14/R13-1,"") -> -0.017862612 | S27: =IFERROR(S14/S13-1,"") -> -0.027802053 | T27: =IFERROR(T14/T13-1,"") -> 0.010578433 | Z27: 19/20 | AA27: 202665
B28: Q2 | 21/22 | C28: 213313 | P28: 24/25 | Q28: =IFERROR(Q15/Q14-1,"") -> -0.019876706 | R28: =IFERROR(R15/R14-1,"") -> -0.025694527 | S28: =IFERROR(S15/S14-1,"") -> -0.13656815 | T28: =IFERROR(T15/T14-1,"") -> -0.15344517 | Z28: 20/21 | AA28: 210970
B29: Q3 | 21/22 | C29: 228895 | P29: 25/26 | Q29: =IFERROR(Q16/Q15-1,"") -> -0.04822129 | R29: =IFERROR(R16/R15-1,"") -> 0.051981794 | S29: =IFERROR(S16/S15-1,"") -> 0.25068757 | T29: =IFERROR(T16/T15-1,"") -> 0.29215148 | Z29: 21/22 | AA29: 231080
B30: Q4 | 21/22 | C30: 231080 | Z30: 22/23 | AA30: 211468
B31: Q1 | 22/23 | C31: 230806 | Z31: 23/24 | AA31: 213705
B32: Q2 | 22/23 | C32: 222028 | P32: QoQ Change | Z32: 24/25 | AA32: 180913
B33: Q3 | 22/23 | C33: 213977 | Q33: Q1 | R33: Q2 | S33: Q3 | T33: Q4 | Z33: 25/26 | AA33: 233767
B34: Q4 | 22/23 | C34: 211468 | P34: 16/17 | R34: =IFERROR(R7/Q7-1,"") -> 0 | S34: =IFERROR(S7/R7-1,"") -> -0.093389687 | T34: =IFERROR(T7/S7-1,"") -> 0.17733313
B35: Q1 | 23/24 | C35: 211202 | P35: 17/18 | Q35: =IFERROR(Q8/T7-1,"") -> 0.037321746 | R35: =IFERROR(R8/Q8-1,"") -> -0.031718887 | S35: =IFERROR(S8/R8-1,"") -> -0.025493577 | T35: =IFERROR(T8/S8-1,"") -> 0.05946255
B36: Q2 | 23/24 | C36: 225562 | P36: 18/19 | Q36: =IFERROR(Q9/T8-1,"") -> 0.063548147 | R36: =IFERROR(R9/Q9-1,"") -> -0.0024509335 | S36: =IFERROR(S9/R9-1,"") -> 0.034483751 | T36: =IFERROR(T9/S9-1,"") -> 0.04537653
B37: Q3 | 23/24 | C37: 215528 | P37: 19/20 | Q37: =IFERROR(Q10/T9-1,"") -> 0.0073528107 | R37: =IFERROR(R10/Q10-1,"") -> -0.086589755 | S37: =IFERROR(S10/R10-1,"") -> -0.022579525 | T37: =IFERROR(T10/S10-1,"") -> -4.4406288e-05
B38: Q4 | 23/24 | C38: 221205 | P38: 20/21 | Q38: =IFERROR(Q11/T10-1,"") -> 0.073426591 | R38: =IFERROR(R11/Q11-1,"") -> -0.016952736 | S38: =IFERROR(S11/R11-1,"") -> 0.032764732 | T38: =IFERROR(T11/S11-1,"") -> -0.044801123
B39: Q1 | 24/25 | C39: 214505 | P39: 21/22 | Q39: =IFERROR(Q12/T11-1,"") -> 0.096407072 | R39: =IFERROR(R12/Q12-1,"") -> -0.077800691 | S39: =IFERROR(S12/R12-1,"") -> 0.073047587 | T39: =IFERROR(T12/S12-1,"") -> 0.0095458616
B40: Q2 | 24/25 | C40: 217459 | P40: 22/23 | Q40: =IFERROR(Q13/T12-1,"") -> -0.0011857365 | R40: =IFERROR(R13/Q13-1,"") -> -0.03803194 | S40: =IFERROR(S13/R13-1,"") -> -0.036261192 | T40: =IFERROR(T13/S13-1,"") -> -0.011725559
B41: Q3 | 24/25 | C41: 182118 | P41: 23/24 | Q41: =IFERROR(Q14/T13-1,"") -> -0.0012578735 | R41: =IFERROR(R14/Q14-1,"") -> 0.032480753 | S41: =IFERROR(S14/R14-1,"") -> -0.046014436 | T41: =IFERROR(T14/S14-1,"") -> 0.027289596
B42: Q4 | 24/25 | C42: 183413 | P42: 24/25 | Q42: =IFERROR(Q15/T14-1,"") -> -0.031356309 | R42: =IFERROR(R15/Q15-1,"") -> 0.026352148 | S42: =IFERROR(S15/R15-1,"") -> -0.15457571 | T42: =IFERROR(T15/S15-1,"") -> 0.0072097451
B43: Q1 | 25/26 | C43: 197022 | P43: 25/26 | Q43: =IFERROR(Q16/T15-1,"") -> 0.0890428 | R43: =IFERROR(R16/Q16-1,"") -> 0.13440631 | S43: =IFERROR(S16/R16-1,"") -> 0.0051140253 | T43: =IFERROR(T16/S16-1,"") -> 0.040601658
B44: Q2 | 25/26 | C44: 223503
B45: Q3 | 25/26 | C45: 224646
B46: Q4 | 25/26 | C46: 233767
C49: 221000 | S49: 230292
Q50: =MAX(Q7:T16) -> 233767 | S50: =S49/S15-1 -> 0.28212095
C51: =C46/C49-1 -> 0.057769231 | H51: CAA Grind Estimates
H53: Lower | I53: 152949.2
H54: Base | I54: 170485.18
H55: Higher | I55: 188021 | Q55: 197022 | R55: =Q55/(1-0.0482) -> 206999.37
B56: Q4 | 24/25 | C56: 207233.09
H57: CCS Estimates | I57: 167228
R58: =Q55/R55-1 -> -0.0482
I67: CAA Revision
I68: Quarter | J68: Year | K68: Previous | L68: New | M68: Revision
I69: Q1 | J69: 2024 | K69: 225562 | L69: 218062 | M69: =L69-K69 -> -7500
I70: Q2 | J70: 2024 | K70: 215528 | L70: 208028 | M70: =L70-K70 -> -7500
I71: Q3 | J71: 2024 | K71: 221205 | L71: 213705 | M71: =L71-K71 -> -7500
I72: Q4 | J72: 2024 | K72: 214505 | L72: 207004 | M72: =L72-K72 -> -7501
I73: Q1 | J73: 2025 | K73: 217459 | L73: 212459 | M73: =L73-K73 -> -5000
I74: Q2 | J74: 2025 | K74: 182118 | L74: 179618 | M74: =L74-K74 -> -2500
I75: Q3 | J75: 2025 | K75: 183413 | L75: 180913 | M75: =L75-K75 -> -2500
I76: Q4 | J76: 2025 | K76: 197022 | L76: 197022

Sheet IVC
A1: IVC (Gepex)
Y3: =COUNT(Q16:T16) -> 4 | Z3: =OFFSET(P6,0,$Y$3,1,1) -> Q4
C4: =Menu!H25 -> 0.235305
Q5: 1 | R5: 2 | S5: 3 | T5: 4
B6: Quarter | C6: Grind | Q6: Q1 | R6: Q2 | S6: Q3 | T6: Q4 | U6: Q1-Q4 | V6: % | Y6: Crop Year | Z6: =_xlfn.CONCAT("YTD (Q1 to ",Z3,")") -> YTD (Q1 to Q4) | AA6: % | AE6: Q1 | AF6: Q2 | AG6: Q3 | AH6: Q4
B7: Q1 | 16/17 | C7: 127000 | P7: 16/17 | Q7: =C7 -> 127000 | R7: =C8 -> 127000 | S7: =C9 -> 127000 | T7: =C10 -> 128000 | U7: =SUM(Q7:T7) -> 509000 | Y7: =P7 -> 16/17 | Z7: =SUM(OFFSET(Q7,0,0,1,$Y$3)) -> 509000 | AD7: 2017 | AE7: =Q7 -> 127000 | AF7: =AE7+R7 -> 254000 | AG7: =AF7+S7 -> 381000 | AH7: =AG7+T7 -> 509000
B8: Q2 | 16/17 | C8: 127000 | P8: 17/18 | Q8: =C11 -> 124000 | R8: =C12 -> 130000 | S8: =C13 -> 125000 | T8: =C14 -> 126347 | U8: =SUM(Q8:T8) -> 505347 | V8: =U8/U7-1 -> -0.0071768173 | Y8: =P8 -> 17/18 | Z8: =SUM(OFFSET(Q8,0,0,1,$Y$3)) -> 505347 | AA8: =Z8/Z7-1 -> -0.0071768173 | AD8: 2018 | AE8: =Q8 -> 124000 | AF8: =AE8+R8 -> 254000 | AG8: =AF8+S8 -> 379000 | AH8: =AG8+T8 -> 505347
B9: Q3 | 16/17 | C9: 127000 | P9: 18/19 | Q9: =C15 -> 135510 | R9: =C16 -> 133000 | S9: =C17 -> 139000 | T9: =C18 -> 140473 | U9: =SUM(Q9:T9) -> 547983 | V9: =U9/U8-1 -> 0.08436975 | Y9: =P9 -> 18/19 | Z9: =SUM(OFFSET(Q9,0,0,1,$Y$3)) -> 547983 | AA9: =Z9/Z8-1 -> 0.08436975 | AD9: 2019 | AE9: =Q9 -> 135510 | AF9: =AE9+R9 -> 268510 | AG9: =AF9+S9 -> 407510 | AH9: =AG9+T9 -> 547983
B10: Q4 | 16/17 | C10: 128000 | P10: 19/20 | Q10: =C19 -> 144314 | R10: =C20 -> 139821 | S10: =C21 -> 139559 | T10: =C22 -> 135954 | U10: =SUM(Q10:T10) -> 559648 | V10: =U10/U9-1 -> 0.021287157 | Y10: =P10 -> 19/20 | Z10: =SUM(OFFSET(Q10,0,0,1,$Y$3)) -> 559648 | AA10: =Z10/Z9-1 -> 0.021287157 | AD10: 2020 | AE10: =Q10 -> 144314 | AF10: =AE10+R10 -> 284135 | AG10: =AF10+S10 -> 423694 | AH10: =AG10+T10 -> 559648
B11: Q1 | 17/18 | C11: 124000 | P11: 20/21 | Q11: =C23 -> 150241 | R11: =C24 -> 150593 | S11: =C25 -> 109471 | T11: =C26 -> 154121 | U11: =SUM(Q11:T11) -> 564426 | V11: =U11/U10-1 -> 0.0085375093 | Y11: =P11 -> 20/21 | Z11: =SUM(OFFSET(Q11,0,0,1,$Y$3)) -> 564426 | AA11: =Z11/Z10-1 -> 0.0085375093 | AD11: 2021 | AE11: =Q11 -> 150241 | AF11: =AE11+R11 -> 300834 | AG11: =AF11+S11 -> 410305 | AH11: =AG11+T11 -> 564426
B12: Q2 | 17/18 | C12: 130000 | P12: 21/22 | Q12: =C27 -> 158272 | R12: =C28 -> 155454 | S12: =C29 -> 156723 | T12: =C30 -> 171000 | U12: =SUM(Q12:T12) -> 641449 | V12: =U12/U11-1 -> 0.13646253 | Y12: =P12 -> 21/22 | Z12: =SUM(OFFSET(Q12,0,0,1,$Y$3)) -> 641449 | AA12: =Z12/Z11-1 -> 0.13646253 | AD12: 2022 | AE12: =Q12 -> 158272 | AF12: =AE12+R12 -> 313726 | AG12: =AF12+S12 -> 470449 | AH12: =AG12+T12 -> 641449
B13: Q3 | 17/18 | C13: 125000 | P13: 22/23 | Q13: =IF(C31=0,"",C31) -> 172357 | R13: =IF(C32=0,"",C32) -> 189000 | S13: =IF(C33=0,"",C33) -> 162000 | T13: =IF(C34=0,NA(),C34) -> 183000 | U13: =SUM(Q13:T13) -> 706357 | V13: =U13/U12-1 -> 0.10118965 | Y13: =P13 -> 22/23 | Z13: =SUM(OFFSET(Q13,0,0,1,$Y$3)) -> 706357 | AA13: =Z13/Z12-1 -> 0.10118965 | AD13: 2023 | AE13: =Q13 -> 172357 | AF13: =AE13+R13 -> 361357 | AG13: =AF13+S13 -> 523357 | AH13: =AG13+T13 -> 706357
B14: Q4 | 17/18 | C14: 126347 | P14: 23/24 | Q14: =IF(C35=0,"",C35) -> 170000 | R14: =C36 -> 169059 | S14: =C37 -> 129819 | T14: =C38 -> 173684 | U14: =SUM(Q14:T14) -> 642562 | V14: =U14/U13-1 -> -0.09031552 | Y14: =P14 -> 23/24 | Z14: =SUM(OFFSET(Q14,0,0,1,$Y$3)) -> 642562 | AA14: =Z14/Z13-1 -> -0.09031552 | AD14: 2024 | AE14: =Q14 -> 170000 | AF14: =AE14+R14 -> 339059 | AG14: =AF14+S14 -> 468878
B15: Q1 | 18/19 | C15: 135510 | P15: 24/25 | Q15: =C39 -> 182325 | R15: =C40 -> 169163 | S15: =C41 -> 124277 | T15: =C42 -> 112341 | U15: =SUM(Q15:T15) -> 588106 | V15: =U15/U14-1 -> -0.084748242 | Y15: =P15 -> 24/25 | Z15: =SUM(OFFSET(Q15,0,0,1,$Y$3)) -> 588106 | AA15: =Z15/Z14-1 -> -0.084748242
B16: Q2 | 18/19 | C16: 133000 | P16: 25/26 | Q16: =C43 -> 165558 | R16: =C44 -> 169213 | S16: =C45 -> 153520 | T16: =C46 -> 157426 | U16: =SUM(Q16:T16) -> 645717 | V16: =U16/U15-1 -> 0.097960232 | Y16: 25/26 | Z16: =SUM(OFFSET(Q16,0,0,1,$Y$3)) -> 645717 | AA16: =Z16/Z15-1 -> 0.097960232
B17: Q3 | 18/19 | C17: 139000
B18: Q4 | 18/19 | C18: 140473 | P18: YoY Change | Y18: Choose Quarter | AA18: Q4
B19: Q1 | 19/20 | C19: 144314 | Q19: Q1 | R19: Q2 | S19: Q3 | T19: Q4
B20: Q2 | 19/20 | C20: 139821 | P20: 16/17
B21: Q3 | 19/20 | C21: 139559 | P21: 17/18 | Q21: =IFERROR(Q8/Q7-1,"") -> -0.023622047 | R21: =IFERROR(R8/R7-1,"") -> 0.023622047 | S21: =IFERROR(S8/S7-1,"") -> -0.015748031 | T21: =IFERROR(T8/T7-1,"") -> -0.012914063
B22: Q4 | 19/20 | C22: 135954 | P22: 18/19 | Q22: =IFERROR(Q9/Q8-1,"") -> 0.092822581 | R22: =IFERROR(R9/R8-1,"") -> 0.023076923 | S22: =IFERROR(S9/S8-1,"") -> 0.112 | T22: =IFERROR(T9/T8-1,"") -> 0.11180321 | Z22: =_xlfn.XLOOKUP(AA18,Q6:T6,Q5:T5) -> 4
B23: Q1 | 20/21 | C23: 150241 | P23: 19/20 | Q23: =IFERROR(Q10/Q9-1,"") -> 0.064969375 | R23: =IFERROR(R10/R9-1,"") -> 0.051285714 | S23: =IFERROR(S10/S9-1,"") -> 0.0040215827 | T23: =IFERROR(T10/T9-1,"") -> -0.032169883 | Z23: Year
B24: Q2 | 20/21 | C24: 150593 | P24: 20/21 | Q24: =IFERROR(Q11/Q10-1,"") -> 0.041070166 | R24: =IFERROR(R11/R10-1,"") -> 0.07704136 | S24: =IFERROR(S11/S10-1,"") -> -0.2155934 | T24: =IFERROR(T11/T10-1,"") -> 0.13362608 | Z24: 16/17 | AA24: {=OFFSET(P7,0,$Z$22,COUNT($Q$7:$Q$16),1)} -> 128000
B25: Q3 | 20/21 | C25: 109471 | P25: 21/22 | Q25: =IFERROR(Q12/Q11-1,"") -> 0.053454117 | R25: =IFERROR(R12/R11-1,"") -> 0.032279057 | S25: =IFERROR(S12/S11-1,"") -> 0.43163943 | T25: =IFERROR(T12/T11-1,"") -> 0.10951785 | Z25: 17/18 | AA25: 126347 | AC25: =_xlfn.CONCAT(A1," ",AA18," across Years") -> IVC (Gepex) Q4 across Years
B26: Q4 | 20/21 | C26: 154121 | P26: 22/23 | Q26: =IFERROR(Q13/Q12-1,"") -> 0.088992368 | R26: =IFERROR(R13/R12-1,"") -> 0.21579374 | S26: =IFERROR(S13/S12-1,"") -> 0.033670872 | T26: =IFERROR(T13/T12-1,"") -> 0.070175439 | Z26: 18/19 | AA26: 140473
B27: Q1 | 21/22 | C27: 158272 | P27: 23/24 | Q27: =IFERROR(Q14/Q13-1,"") -> -0.013675105 | R27: =IFERROR(R14/R13-1,"") -> -0.10550794 | S27: =IFERROR(S14/S13-1,"") -> -0.19864815 | T27: =IFERROR(T14/T13-1,"") -> -0.050907104 | Z27: 19/20 | AA27: 135954
B28: Q2 | 21/22 | C28: 155454 | P28: 24/25 | Q28: =IFERROR(Q15/Q14-1,"") -> 0.0725 | R28: =IFERROR(R15/R14-1,"") -> 0.00061516985 | S28: =IFERROR(S15/S14-1,"") -> -0.042690207 | T28: =IFERROR(T15/T14-1,"") -> -0.3531874 | Z28: 20/21 | AA28: 154121
B29: Q3 | 21/22 | C29: 156723 | P29: 25/26 | Q29: =IFERROR(Q16/Q15-1,"") -> -0.091962155 | R29: =IFERROR(R16/R15-1,"") -> 0.00029557291 | S29: =IFERROR(S16/S15-1,"") -> 0.235305 | T29: =IFERROR(T16/T15-1,"") -> 0.40132276 | Z29: 21/22 | AA29: 171000
B30: Q4 | 21/22 | C30: 171000 | Z30: 22/23 | AA30: 183000
B31: Q1 | 22/23 | C31: 172357 | D31: 169321 | Z31: 23/24 | AA31: 173684
B32: Q2 | 22/23 | C32: 189000 | D32: 205616 | P32: QoQ Change | Z32: 24/25 | AA32: 112341
B33: Q3 | 22/23 | C33: 162000 | D33: 180911 | Q33: Q1 | R33: Q2 | S33: Q3 | T33: Q4 | Z33: 25/26 | AA33: 157426
B34: Q4 | 22/23 | C34: 183000 | D34: 201505 | P34: 16/17 | R34: =IFERROR(R7/Q7-1,"") -> 0 | S34: =IFERROR(S7/R7-1,"") -> 0 | T34: =IFERROR(T7/S7-1,"") -> 0.0078740157
B35: Q1 | 23/24 | C35: 170000 | D35: 174677 | P35: 17/18 | Q35: =IFERROR(Q8/T7-1,"") -> -0.03125 | R35: =IFERROR(R8/Q8-1,"") -> 0.048387097 | S35: =IFERROR(S8/R8-1,"") -> -0.038461538 | T35: =IFERROR(T8/S8-1,"") -> 0.010776
B36: Q2 | 23/24 | C36: 169059 | D36: 182283 | P36: 18/19 | Q36: =IFERROR(Q9/T8-1,"") -> 0.072522498 | R36: =IFERROR(R9/Q9-1,"") -> -0.018522618 | S36: =IFERROR(S9/R9-1,"") -> 0.045112782 | T36: =IFERROR(T9/S9-1,"") -> 0.010597122
B37: Q3 | 23/24 | C37: 129819 | D37: 144915 | P37: 19/20 | Q37: =IFERROR(Q10/T9-1,"") -> 0.027343333 | R37: =IFERROR(R10/Q10-1,"") -> -0.031133501 | S37: =IFERROR(S10/R10-1,"") -> -0.0018738244 | T37: =IFERROR(T10/S10-1,"") -> -0.025831369
B38: Q4 | 23/24 | C38: 173684 | D38: 169023 | P38: 20/21 | Q38: =IFERROR(Q11/T10-1,"") -> 0.10508701 | R38: =IFERROR(R11/Q11-1,"") -> 0.0023429024 | S38: =IFERROR(S11/R11-1,"") -> -0.27306714 | T38: =IFERROR(T11/S11-1,"") -> 0.40787058
B39: Q1 | 24/25 | C39: 182325 | P39: 21/22 | Q39: =IFERROR(Q12/T11-1,"") -> 0.026933384 | R39: =IFERROR(R12/Q12-1,"") -> -0.017804792 | S39: =IFERROR(S12/R12-1,"") -> 0.0081631865 | T39: =IFERROR(T12/S12-1,"") -> 0.091097031
B40: Q2 | 24/25 | C40: 169163 | P40: 22/23 | Q40: =IFERROR(Q13/T12-1,"") -> 0.0079356725 | R40: =IFERROR(R13/Q13-1,"") -> 0.096561207 | S40: =IFERROR(S13/R13-1,"") -> -0.14285714 | T40: =IFERROR(T13/S13-1,"") -> 0.12962963
B41: Q3 | 24/25 | C41: 124277 | P41: 23/24 | Q41: =IFERROR(Q14/T13-1,"") -> -0.071038251 | R41: =IFERROR(R14/Q14-1,"") -> -0.0055352941 | S41: =IFERROR(S14/R14-1,"") -> -0.23210832 | T41: =IFERROR(T14/S14-1,"") -> 0.33789353
B42: Q4 | 24/25 | C42: 112341 | P42: 24/25 | Q42: =IFERROR(Q15/T14-1,"") -> 0.049751272 | R42: =IFERROR(R15/Q15-1,"") -> -0.072189771 | S42: =IFERROR(S15/R15-1,"") -> -0.26534171 | T42: =IFERROR(T15/S15-1,"") -> -0.096043516
B43: Q1 | 25/26 | C43: 165558 | P43: 25/26 | Q43: =IFERROR(Q16/T15-1,"") -> 0.47370951 | R43: =IFERROR(R16/Q16-1,"") -> 0.022076855 | S43: =IFERROR(S16/R16-1,"") -> -0.092741101 | T43: =IFERROR(T16/S16-1,"") -> 0.025442939
B44: Q2 | 25/26 | C44: 169213
B45: Q3 | 25/26 | C45: 153520
B46: Q4 | 25/26 | C46: 157426
C49: 169321
C50: 205616 | L50: 380031
C51: 180911 | L51: =L50-C35 -> 210031 | X51: =SUM(Q13:R13) -> 361357
C52: 201505 | L52: =L51-41019 -> 169012 | S52: jul | T52: 60263 | X52: =SUM(Q14:R14) -> 339059 | Y52: =X52/X51-1 -> -0.06170629
C53: 174677 | S53: aug | T53: 47646
C54: 182283 | S54: sep | T54: 49517
C55: 144915 | T55: =SUM(T52:T54) -> 157426
C56: 169023
B59: Quarters | C59: GEPEX | D59: Product Exp | E59: Delta
B60: Q1 | 22/23 | C60: 172605 | D60: 169321 | E60: =C60-D60 -> 3284
B61: Q2 | 22/23 | C61: 193588 | D61: 205616 | E61: =C61-D61 -> -12028
B62: Q3 | 22/23 | C62: 174511 | D62: 180911 | E62: =C62-D62 -> -6400
B63: Q4 | 22/23 | C63: 198292 | D63: 201505 | E63: =C63-D63 -> -3213
B64: Q1 | 23/24 | C64: 180548 | D64: 174677 | E64: =C64-D64 -> 5871
B65: Q2 | 23/24 | C65: 169059 | D65: 182283 | E65: =C65-D65 -> -13224
B66: Q3 | 23/24 | C66: 129819 | D66: 144915 | E66: =C66-D66 -> -15096
B67: Q4 | 23/24 | C67: 173684 | D67: 169023 | E67: =C67-D67 -> 4661
D68: 180316
D70: Quarterly Avg | E70: =AVERAGE(E60:E67) -> -4518.125
D72: Monthly Avg | E72: =E70/4 -> -1129.5312
I78: Product Exp | J78: GEPEX
H79: Q1 | 22/23 | I79: 169321 | J79: 172605
H80: Q2 | 22/23 | I80: 205616 | J80: 193588
H81: Q3 | 22/23 | I81: 180911 | J81: 174511
H82: Q4 | 22/23 | I82: 201505 | J82: 198292
H83: Q1 | 23/24 | I83: 174677 | J83: 180548
C84: Quarter | D84: Grind | H84: Q2 | 23/24 | I84: 182283 | J84: 169059
C85: Q1 | 16/17 | D85: 127000 | H85: Q3 | 23/24 | I85: 144915 | J85: 129819
C86: Q2 | 16/17 | D86: 127000 | H86: Q4 | 23/24 | I86: 169023 | J86: 173684
C87: Q3 | 16/17 | D87: 127000 | I87: 180316 | J87: =(I87*0.9792)-801 -> 175764.43
C88: Q4 | 16/17 | D88: 128000
C89: Q1 | 17/18 | D89: 124000
C90: Q2 | 17/18 | D90: 130000
C91: Q3 | 17/18 | D91: 125000
C92: Q4 | 17/18 | D92: 126347
C93: Q1 | 18/19 | D93: 135510
C94: Q2 | 18/19 | D94: 133000
C95: Q3 | 18/19 | D95: 139000
C96: Q4 | 18/19 | D96: 140473
C97: Q1 | 19/20 | D97: 144314
C98: Q2 | 19/20 | D98: 139821
C99: Q3 | 19/20 | D99: 139559
... C115: Q3 | 23/24 | D115: 127000
C116: Q4 | 23/24

Sheet BR
A1: Brazil Grinds (Reported)
Y3: =COUNT(Q16:T16) -> 3 | Z3: =OFFSET(P6,0,$Y$3,1,1) -> Q3
C4: =Menu!H26 -> 0.0861477
Q5: 1 | R5: 2 | S5: 3 | T5: 4
B6: Quarter | C6: Grind | Q6: Q1 | R6: Q2 | S6: Q3 | T6: Q4 | U6: Q1-Q4 | V6: % | Y6: Year | Z6: =_xlfn.CONCAT("YTD (Q1 to ",Z3,")") -> YTD (Q1 to Q3) | AA6: % | AE6: Q1 | AF6: Q2 | AG6: Q3 | AH6: Q4
B7: Q1 | 16/17 | C7: 58246 | P7: 16/17 | Q7: =C7 -> 58246 | R7: =C8 -> 58246 | S7: =C9 -> 55041 | T7: =C10 -> 54565 | U7: =SUM(Q7:T7) -> 226098 | Y7: 16/17 | Z7: =SUM(OFFSET(Q7,0,0,1,$Y$3)) -> 171533 | AD7: 2017 | AE7: =Q7 -> 58246 | AF7: =AE7+R7 -> 116492 | AG7: =AF7+S7 -> 171533 | AH7: =AG7+T7 -> 226098
B8: Q2 | 16/17 | C8: 58246 | P8: 17/18 | Q8: =C11 -> 60265 | R8: =C12 -> 58305 | S8: =C13 -> 51726 | T8: =C14 -> 60155 | U8: =SUM(Q8:T8) -> 230451 | V8: =U8/U7-1 -> 0.019252713 | Y8: 17/18 | Z8: =SUM(OFFSET(Q8,0,0,1,$Y$3)) -> 170296 | AA8: =Z8/Z7-1 -> -0.0072114404 | AD8: 2018 | AE8: =Q8 -> 60265 | AF8: =AE8+R8 -> 118570 | AG8: =AF8+S8 -> 170296 | AH8: =AG8+T8 -> 230451
B9: Q3 | 16/17 | C9: 55041 | P9: 18/19 | Q9: =C15 -> 60587 | R9: =C16 -> 56465 | S9: =C17 -> 59308 | T9: =C18 -> 58792 | U9: =SUM(Q9:T9) -> 235152 | V9: =U9/U8-1 -> 0.02039913 | Y9: 18/19 | Z9: =SUM(OFFSET(Q9,0,0,1,$Y$3)) -> 176360 | AA9: =Z9/Z8-1 -> 0.035608587 | AD9: 2019 | AE9: =Q9 -> 60587 | AF9: =AE9+R9 -> 117052 | AG9: =AF9+S9 -> 176360 | AH9: =AG9+T9 -> 235152
B10: Q4 | 16/17 | C10: 54565 | P10: 19/20 | Q10: =C19 -> 57494 | R10: =C20 -> 60163 | S10: =C21 -> 45484 | T10: =C22 -> 58294 | U10: =SUM(Q10:T10) -> 221435 | V10: =U10/U9-1 -> -0.058332483 | Y10: 19/20 | Z10: =SUM(OFFSET(Q10,0,0,1,$Y$3)) -> 163141 | AA10: =Z10/Z9-1 -> -0.074954638 | AD10: 2020 | AE10: =Q10 -> 57494 | AF10: =AE10+R10 -> 117657 | AG10: =AF10+S10 -> 163141 | AH10: =AG10+T10 -> 221435
B11: Q1 | 17/18 | C11: 60265 | P11: 20/21 | Q11: =C23 -> 60590 | R11: =C24 -> 59912 | S11: =C25 -> 54599 | T11: =C26 -> 56096 | U11: =SUM(Q11:T11) -> 231197 | V11: =U11/U10-1 -> 0.044085172 | Y11: 20/21 | Z11: =SUM(OFFSET(Q11,0,0,1,$Y$3)) -> 175101 | AA11: =Z11/Z10-1 -> 0.073310817 | AD11: 2021 | AE11: =Q11 -> 60590 | AF11: =AE11+R11 -> 120502 | AG11: =AF11+S11 -> 175101 | AH11: =AG11+T11 -> 231197
B12: Q2 | 17/18 | C12: 58305 | P12: 21/22 | Q12: =C27 -> 57200 | R12: =C28 -> 55439 | S12: =C29 -> 50644 | T12: =C30 -> 59091 | U12: =SUM(Q12:T12) -> 222374 | V12: =U12/U11-1 -> -0.03816226 | Y12: 21/22 | Z12: =SUM(OFFSET(Q12,0,0,1,$Y$3)) -> 163283 | AA12: =Z12/Z11-1 -> -0.067492476 | AD12: 2022 | AE12: =Q12 -> 57200 | AF12: =AE12+R12 -> 112639 | AG12: =AF12+S12 -> 163283 | AH12: =AG12+T12 -> 222374
B13: Q3 | 17/18 | C13: 51726 | P13: 22/23 | Q13: =IF(C31=0,"",C31) -> 60659 | R13: =IF(C32=0,"",C32) -> 64016 | S13: =IF(C33=0,"",C33) -> 62426 | T13: =IF(C34=0,NA(),C34) -> 64024 | U13: =SUM(Q13:T13) -> 251125 | V13: =U13/U12-1 -> 0.12929119 | Y13: 22/23 | Z13: =SUM(OFFSET(Q13,0,0,1,$Y$3)) -> 187101 | AA13: =Z13/Z12-1 -> 0.14586944 | AD13: 2023 | AE13: =Q13 -> 60659 | AF13: =AE13+R13 -> 124675 | AG13: =AF13+S13 -> 187101 | AH13: =AG13+T13 -> 251125
B14: Q4 | 17/18 | C14: 60155 | P14: 23/24 | Q14: =C35 -> 63025 | R14: =C36 -> 59942 | S14: =C37 -> 54435 | T14: =C38 -> 55368 | U14: =SUM(Q14:T14) -> 232770 | V14: =U14/U13-1 -> -0.07309109 | Y14: 23/24 | Z14: =SUM(OFFSET(Q14,0,0,1,$Y$3)) -> 177402 | AA14: =Z14/Z13-1 -> -0.051838312 | AD14: 2024 | AE14: =Q14 -> 63025
B15: Q1 | 18/19 | C15: 60587 | P15: 24/25 | Q15: =C39 -> 62568 | R15: =C40 -> 54742 | S15: =C41 -> 48057 | T15: =C42 -> 48470 | U15: =SUM(Q15:T15) -> 213837 | V15: =U15/U14-1 -> -0.081337801 | Y15: 24/25 | Z15: =SUM(OFFSET(Q15,0,0,1,$Y$3)) -> 165367 | AA15: =Z15/Z14-1 -> -0.067840272
B16: Q2 | 18/19 | C16: 56465 | P16: 25/26 | Q16: =C43 -> 54407 | R16: =C44 -> 54301 | S16: =C45 -> 52197 | Y16: 25/26 | Z16: =SUM(OFFSET(Q16,0,0,1,$Y$3)) -> 160905 | AA16: =Z16/Z15-1 -> -0.026982409
B17: Q3 | 18/19 | C17: 59308
B18: Q4 | 18/19 | C18: 58792 | P18: YoY Change | Y18: Choose Quarter | AA18: Q3
B19: Q1 | 19/20 | C19: 57494 | Q19: Q1 | R19: Q2 | S19: Q3 | T19: Q4
B20: Q2 | 19/20 | C20: 60163 | P20: 16/17
B21: Q3 | 19/20 | C21: 45484 | P21: 17/18 | Q21: =IFERROR(Q8/Q7-1,"") -> 0.034663325 | R21: =IFERROR(R8/R7-1,"") -> 0.0010129451 | S21: =IFERROR(S8/S7-1,"") -> -0.06022783 | T21: =IFERROR(T8/T7-1,"") -> 0.10244662
B22: Q4 | 19/20 | C22: 58294 | P22: 18/19 | Q22: =IFERROR(Q9/Q8-1,"") -> 0.0053430681 | R22: =IFERROR(R9/R8-1,"") -> -0.031558185 | S22: =IFERROR(S9/S8-1,"") -> 0.14658006 | T22: =IFERROR(T9/T8-1,"") -> -0.022658133 | Z22: =_xlfn.XLOOKUP(AA18,Q6:T6,Q5:T5) -> 3
B23: Q1 | 20/21 | C23: 60590 | P23: 19/20 | Q23: =IFERROR(Q10/Q9-1,"") -> -0.051050555 | R23: =IFERROR(R10/R9-1,"") -> 0.065491898 | S23: =IFERROR(S10/S9-1,"") -> -0.23308828 | T23: =IFERROR(T10/T9-1,"") -> -0.0084705402 | Z23: Year
B24: Q2 | 20/21 | C24: 59912 | P24: 20/21 | Q24: =IFERROR(Q11/Q10-1,"") -> 0.053849097 | R24: =IFERROR(R11/R10-1,"") -> -0.0041719994 | S24: =IFERROR(S11/S10-1,"") -> 0.20040014 | T24: =IFERROR(T11/T10-1,"") -> -0.037705424 | Z24: 16/17 | AA24: {=OFFSET(P7,0,$Z$22,COUNT($Q$7:$Q$16),1)} -> 55041
B25: Q3 | 20/21 | C25: 54599 | P25: 21/22 | Q25: =IFERROR(Q12/Q11-1,"") -> -0.055949827 | R25: =IFERROR(R12/R11-1,"") -> -0.074659501 | S25: =IFERROR(S12/S11-1,"") -> -0.072437224 | T25: =IFERROR(T12/T11-1,"") -> 0.053390616 | Z25: 17/18 | AA25: 51726 | AC25: =_xlfn.CONCAT(A1," ",AA18," across Years") -> Brazil Grinds (Reported) Q3 across Years
B26: Q4 | 20/21 | C26: 56096 | P26: 22/23 | Q26: =IFERROR(Q13/Q12-1,"") -> 0.060472028 | R26: =IFERROR(R13/R12-1,"") -> 0.15471058 | S26: =IFERROR(S13/S12-1,"") -> 0.23264355 | T26: =IFERROR(T13/T12-1,"") -> 0.08348141 | Z26: 18/19 | AA26: 59308
B27: Q1 | 21/22 | C27: 57200 | P27: 23/24 | Q27: =IFERROR(Q14/Q13-1,"") -> 0.039004929 | R27: =IFERROR(R14/R13-1,"") -> -0.06364034 | S27: =IFERROR(S14/S13-1,"") -> -0.12800756 | T27: =IFERROR(T14/T13-1,"") -> -0.1351993 | Z27: 19/20 | AA27: 45484
B28: Q2 | 21/22 | C28: 55439 | P28: 24/25 | Q28: =IFERROR(Q15/Q14-1,"") -> -0.0072510908 | R28: =IFERROR(R15/R14-1,"") -> -0.086750526 | S28: =IFERROR(S15/S14-1,"") -> -0.11716726 | T28: =IFERROR(T15/T14-1,"") -> -0.1245846 | Z28: 20/21 | AA28: 54599
B29: Q3 | 21/22 | C29: 50644 | P29: 25/26 | Q29: =IFERROR(Q16/Q15-1,"") -> -0.13043409 | R29: =IFERROR(R16/R15-1,"") -> -0.0080559716 | S29: =IFERROR(S16/S15-1,"") -> 0.0861477 | Z29: 21/22 | AA29: 50644
B30: Q4 | 21/22 | C30: 59091 | Z30: 22/23 | AA30: 62426
B31: Q1 | 22/23 | C31: 60659 | Z31: 23/24 | AA31: 54435
B32: Q2 | 22/23 | C32: 64016 | P32: QoQ Change | Z32: 24/25 | AA32: 48057
B33: Q3 | 22/23 | C33: 62426 | Q33: Q1 | R33: Q2 | S33: Q3 | T33: Q4 | Z33: 25/26 | AA33: 52197
B34: Q4 | 22/23 | C34: 64024 | P34: 16/17 | R34: =IFERROR(R7/Q7-1,"") -> 0 | S34: =IFERROR(S7/R7-1,"") -> -0.055025238 | T34: =IFERROR(T7/S7-1,"") -> -0.0086480987
B35: Q1 | 23/24 | C35: 63025 | P35: 17/18 | Q35: =IFERROR(Q8/T7-1,"") -> 0.10446257 | R35: =IFERROR(R8/Q8-1,"") -> -0.032523023 | S35: =IFERROR(S8/R8-1,"") -> -0.11283766 | T35: =IFERROR(T8/S8-1,"") -> 0.1629548
B36: Q2 | 23/24 | C36: 59942 | P36: 18/19 | Q36: =IFERROR(Q9/T8-1,"") -> 0.0071814479 | R36: =IFERROR(R9/Q9-1,"") -> -0.068034397 | S36: =IFERROR(S9/R9-1,"") -> 0.050349774 | T36: =IFERROR(T9/S9-1,"") -> -0.008700344
B37: Q3 | 23/24 | C37: 54435 | P37: 19/20 | Q37: =IFERROR(Q10/T9-1,"") -> -0.022077834 | R37: =IFERROR(R10/Q10-1,"") -> 0.046422235 | S37: =IFERROR(S10/R10-1,"") -> -0.24398717 | T37: =IFERROR(T10/S10-1,"") -> 0.2816375
B38: Q4 | 23/24 | C38: 55368 | P38: 20/21 | Q38: =IFERROR(Q11/T10-1,"") -> 0.039386558 | R38: =IFERROR(R11/Q11-1,"") -> -0.011189965 | S38: =IFERROR(S11/R11-1,"") -> -0.088680064 | T38: =IFERROR(T11/S11-1,"") -> 0.027418085
B39: Q1 | 24/25 | C39: 62568 | P39: 21/22 | Q39: =IFERROR(Q12/T11-1,"") -> 0.019680548 | R39: =IFERROR(R12/Q12-1,"") -> -0.030786713 | S39: =IFERROR(S12/R12-1,"") -> -0.086491459 | T39: =IFERROR(T12/S12-1,"") -> 0.16679172
B40: Q2 | 24/25 | C40: 54742 | P40: 22/23 | Q40: =IFERROR(Q13/T12-1,"") -> 0.026535344 | R40: =IFERROR(R13/Q13-1,"") -> 0.055342159 | S40: =IFERROR(S13/R13-1,"") -> -0.024837541 | T40: =IFERROR(T13/S13-1,"") -> 0.025598308
B41: Q3 | 24/25 | C41: 48057 | P41: 23/24 | Q41: =IFERROR(Q14/T13-1,"") -> -0.015603524 | R41: =IFERROR(R14/Q14-1,"") -> -0.048917096 | S41: =IFERROR(S14/R14-1,"") -> -0.091872143 | T41: =IFERROR(T14/S14-1,"") -> 0.017139708
B42: Q4 | 24/25 | C42: 48470 | P42: 24/25 | Q42: =IFERROR(Q15/T14-1,"") -> 0.13003901 | R42: =IFERROR(R15/Q15-1,"") -> -0.12507991 | S42: =IFERROR(S15/R15-1,"") -> -0.1221183 | T42: =IFERROR(T15/S15-1,"") -> 0.0085939613
B43: Q1 | 25/26 | C43: 54407 | P43: 25/26 | Q43: =IFERROR(Q16/T15-1,"") -> 0.12248814 | R43: =IFERROR(R16/Q16-1,"") -> -0.0019482787 | S43: =IFERROR(S16/R16-1,"") -> -0.038746984
B44: Q2 | 25/26 | C44: 54301
B45: Q3 | 25/26 | C45: 52197
B46: Q4 | 25/26 | C46: 56430

Sheet ECA non german
A1: ECA : Non German Grind
Y3: =COUNT(Q16:T16) -> 2 | Z3: =OFFSET(P6,0,$Y$3,1,1) -> Q2
C4: -0.05
Q5: 1 | R5: 2 | S5: 3 | T5: 4
B6: Quarter | C6: Grind | Q6: Q1 | R6: Q2 | S6: Q3 | T6: Q4 | U6: Q1-Q4 | V6: % | Y6: Crop Year | Z6: =_xlfn.CONCAT("YTD (Q1 to ",Z3,")") -> YTD (Q1 to Q2) | AA6: % | AE6: Q1 | AF6: Q2 | AG6: Q3 | AH6: Q4
B7: Q1 | 16/17 | C7: =ECA!C7-German!C7 -> 248318 | P7: 16/17 | Q7: =C7 -> 248318 | R7: =C8 -> 248318 | S7: =C9 -> 244121 | T7: =C10 -> 249931 | U7: =SUM(Q7:T7) -> 990688 | Y7: =P7 -> 16/17 | Z7: =SUM(OFFSET(Q7,0,0,1,$Y$3)) -> 496636 | AD7: =P7 -> 16/17 | AE7: =Q7 -> 248318 | AF7: =AE7+R7 -> 496636 | AG7: =AF7+S7 -> 740757 | AH7: =AG7+T7 -> 990688
B8: Q2 | 16/17 | C8: =ECA!C8-German!C8 -> 248318 | P8: 17/18 | Q8: =C11 -> 254737 | R8: =C12 -> 258790 | S8: =C13 -> 261752 | T8: =C14 -> 256976 | U8: =SUM(Q8:T8) -> 1032255 | V8: =U8/U7-1 -> 0.04195771 | Y8: =P8 -> 17/18 | Z8: =SUM(OFFSET(Q8,0,0,1,$Y$3)) -> 513527 | AA8: =Z8/Z7-1 -> 0.034010825 | AD8: =P8 -> 17/18 | AE8: =Q8 -> 254737 | AF8: =AE8+R8 -> 513527 | AG8: =AF8+S8 -> 775279 | AH8: =AG8+T8 -> 1032255
B9: Q3 | 16/17 | C9: =ECA!C9-German!C9 -> 244121 | P9: 18/19 | Q9: =C15 -> 259922 | R9: =C16 -> 268861 | S9: =C17 -> 250687 | T9: =C18 -> 259607 | U9: =SUM(Q9:T9) -> 1039077 | V9: =U9/U8-1 -> 0.0066088321 | Y9: =P9 -> 18/19 | Z9: =SUM(OFFSET(Q9,0,0,1,$Y$3)) -> 528783 | AA9: =Z9/Z8-1 -> 0.029708272 | AD9: =P9 -> 18/19 | AE9: =Q9 -> 259922 | AF9: =AE9+R9 -> 528783 | AG9: =AF9+S9 -> 779470 | AH9: =AG9+T9 -> 1039077
B10: Q4 | 16/17 | C10: =ECA!C10-German!C10 -> 249931 | P10: 19/20 | Q10: =C19 -> 256951 | R10: =C20 -> 269375 | S10: =C21 -> 235223 | T10: =C22 -> 252375 | U10: =SUM(Q10:T10) -> 1013924 | V10: =U10/U9-1 -> -0.024207061 | Y10: =P10 -> 19/20 | Z10: =SUM(OFFSET(Q10,0,0,1,$Y$3)) -> 526326 | AA10: =Z10/Z9-1 -> -0.0046465185 | AD10: =P10 -> 19/20 | AE10: =Q10 -> 256951 | AF10: =AE10+R10 -> 526326 | AG10: =AF10+S10 -> 761549 | AH10: =AG10+T10 -> 1013924
B11: Q1 | 17/18 | C11: =ECA!C11-German!C11 -> 254737 | P11: 20/21 | Q11: =C23 -> 252117 | R11: =C24 -> 266333 | S11: =C25 -> 263790 | T11: =C26 -> 267196 | U11: =SUM(Q11:T11) -> 1049436 | V11: =U11/U10-1 -> 0.035024321 | Y11: =P11 -> 20/21 | Z11: =SUM(OFFSET(Q11,0,0,1,$Y$3)) -> 518450 | AA11: =Z11/Z10-1 -> -0.01496411 | AD11: =P11 -> 20/21 | AE11: =Q11 -> 252117 | AF11: =AE11+R11 -> 518450 | AG11: =AF11+S11 -> 782240 | AH11: =AG11+T11 -> 1049436
B12: Q2 | 17/18 | C12: =ECA!C12-German!C12 -> 258790 | P12: 21/22 | Q12: =C27 -> 265677 | R12: =C28 -> 275480 | S12: =C29 -> 267583 | T12: =C30 -> 266147 | U12: =SUM(Q12:T12) -> 1074887 | V12: =U12/U11-1 -> 0.024252074 | Y12: =P12 -> 21/22 | Z12: =SUM(OFFSET(Q12,0,0,1,$Y$3)) -> 541157 | AA12: =Z12/Z11-1 -> 0.043797859 | AD12: =P12 -> 21/22 | AE12: =Q12 -> 265677 | AF12: =AE12+R12 -> 541157 | AG12: =AF12+S12 -> 808740 | AH12: =AG12+T12 -> 1074887
B13: Q3 | 17/18 | C13: =ECA!C13-German!C13 -> 261752 | P13: 22/23 | Q13: =IF(C31=0,"",C31) -> 260031 | R13: =IF(C32=0,"",C32) -> 273452 | S13: =IF(C33=0,"",C33) -> 248981 | T13: =IF(C34=0,NA(),C34) -> 267154 | U13: =SUM(Q13:T13) -> 1049618 | V13: =U13/U12-1 -> -0.023508518 | Y13: =P13 -> 22/23 | Z13: =SUM(OFFSET(Q13,0,0,1,$Y$3)) -> 533483 | AA13: =Z13/Z12-1 -> -0.014180728 | AD13: =P13 -> 22/23 | AE13: =Q13 -> 260031 | AF13: =AE13+R13 -> 533483 | AG13: =AF13+S13 -> 782464 | AH13: =AG13+T13 -> 1049618
B14: Q4 | 17/18 | C14: =ECA!C14-German!C14 -> 256976 | P14: 23/24 | Q14: =C35 -> 253318 | R14: =C36 -> 261397.87 | S14: =C37 -> 255502 | T14: =C38 -> 253982.86 | U14: =SUM(Q14:T14) -> 1024200.7 | V14: =U14/U13-1 -> -0.024215731 | Y14: =P14 -> 23/24 | Z14: =SUM(OFFSET(Q14,0,0,1,$Y$3)) -> 514715.87 | AA14: =Z14/Z13-1 -> -0.035178498 | AD14: =P14 -> 23/24 | AE14: =Q14 -> 253318 | AF14: =AE14+R14 -> 514715.87 | AG14: =AF14+S14 -> 770217.87 | AH14: =AG14+T14 -> 1024200.7
B15: Q1 | 18/19 | C15: =ECA!C15-German!C15 -> 259922 | P15: 24/25 | Q15: =C39 -> 241836 | R15: =C40 -> 256104 | S15: =C41 -> 247482 | T15: =C42 -> 242471 | U15: =SUM(Q15:T15) -> 987893 | V15: =U15/U14-1 -> -0.035449825 | Y15: 24/25 | Z15: =SUM(OFFSET(Q15,0,0,1,$Y$3)) -> 497940 | AA15: =Z15/Z14-1 -> -0.032592493 | AD15: =P15 -> 24/25 | AE15: =Q15 -> 241836
B16: Q2 | 18/19 | C16: =ECA!C16-German!C16 -> 268861 | P16: 25/26 | Q16: =C43 -> 223374 | R16: =C44 -> 233347.9 | Y16: 25/26 | Z16: =SUM(OFFSET(Q16,0,0,1,$Y$3)) -> 456721.9 | AA16: =Z16/Z15-1 -> -0.082777235
B17: Q3 | 18/19 | C17: =ECA!C17-German!C17 -> 250687
B18: Q4 | 18/19 | C18: =ECA!C18-German!C18 -> 259607 | P18: YoY Change | Y18: Choose Quarter | AA18: Q2
B19: Q1 | 19/20 | C19: =ECA!C19-German!C19 -> 256951 | Q19: Q1 | R19: Q2 | S19: Q3 | T19: Q4
B20: Q2 | 19/20 | C20: =ECA!C20-German!C20 -> 269375 | P20: =P7 -> 16/17
B21: Q3 | 19/20 | C21: =ECA!C21-German!C21 -> 235223 | P21: =P8 -> 17/18 | Q21: =IFERROR(Q8/Q7-1,"") -> 0.025849918 | R21: =IFERROR(R8/R7-1,"") -> 0.042171731 | S21: =IFERROR(S8/S7-1,"") -> 0.072222382 | T21: =IFERROR(T8/T7-1,"") -> 0.02818778
B22: Q4 | 19/20 | C22: =ECA!C22-German!C22 -> 252375 | P22: =P9 -> 18/19 | Q22: =IFERROR(Q9/Q8-1,"") -> 0.020354326 | R22: =IFERROR(R9/R8-1,"") -> 0.038915723 | S22: =IFERROR(S9/S8-1,"") -> -0.042272838 | T22: =IFERROR(T9/T8-1,"") -> 0.01023831 | Z22: =_xlfn.XLOOKUP(AA18,Q6:T6,Q5:T5) -> 2
B23: Q1 | 20/21 | C23: =ECA!C23-German!C23 -> 252117 | P23: =P10 -> 19/20 | Q23: =IFERROR(Q10/Q9-1,"") -> -0.011430352 | R23: =IFERROR(R10/R9-1,"") -> 0.0019117685 | S23: =IFERROR(S10/S9-1,"") -> -0.061686486 | T23: =IFERROR(T10/T9-1,"") -> -0.027857492 | Z23: Year
B24: Q2 | 20/21 | C24: =ECA!C24-German!C24 -> 266333 | P24: =P11 -> 20/21 | Q24: =IFERROR(Q11/Q10-1,"") -> -0.018812925 | R24: =IFERROR(R11/R10-1,"") -> -0.011292807 | S24: =IFERROR(S11/S10-1,"") -> 0.12144646 | T24: =IFERROR(T11/T10-1,"") -> 0.058726102 | Z24: =P20 -> 16/17 | AA24: {=OFFSET(P7,0,$Z$22,COUNT($Q$7:$Q$16),1)} -> 248318
B25: Q3 | 20/21 | C25: =ECA!C25-German!C25 -> 263790 | P25: =P12 -> 21/22 | Q25: =IFERROR(Q12/Q11-1,"") -> 0.053784552 | R25: =IFERROR(R12/R11-1,"") -> 0.034344223 | S25: =IFERROR(S12/S11-1,"") -> 0.014378862 | T25: =IFERROR(T12/T11-1,"") -> -0.003925957 | Z25: =P21 -> 17/18 | AA25: 258790 | AC25: =_xlfn.CONCAT(A1," ",AA18," across Years") -> ECA : Non German Grind Q2 across Years
B26: Q4 | 20/21 | C26: =ECA!C26-German!C26 -> 267196 | P26: =P13 -> 22/23 | Q26: =IFERROR(Q13/Q12-1,"") -> -0.021251369 | R26: =IFERROR(R13/R12-1,"") -> -0.0073616959 | S26: =IFERROR(S13/S12-1,"") -> -0.069518617 | T26: =IFERROR(T13/T12-1,"") -> 0.0037836233 | Z26: =P22 -> 18/19 | AA26: 268861
B27: Q1 | 21/22 | C27: =ECA!C27-German!C27 -> 265677 | P27: =P14 -> 23/24 | Q27: =IFERROR(Q14/Q13-1,"") -> -0.025816153 | R27: =IFERROR(R14/R13-1,"") -> -0.044081339 | S27: =IFERROR(S14/S13-1,"") -> 0.026190754 | T27: =IFERROR(T14/T13-1,"") -> -0.049301665 | Z27: =P23 -> 19/20 | AA27: 269375
B28: Q2 | 21/22 | C28: =ECA!C28-German!C28 -> 275480 | P28: 24/25 | Q28: =IFERROR(Q15/Q14-1,"") -> -0.045326443 | R28: =IFERROR(R15/R14-1,"") -> -0.020252153 | S28: =IFERROR(S15/S14-1,"") -> -0.031389187 | T28: =IFERROR(T15/T14-1,"") -> -0.045325353 | Z28: =P24 -> 20/21 | AA28: 266333
B29: Q3 | 21/22 | C29: =ECA!C29-German!C29 -> 267583 | P29: 25/26 | Q29: =IFERROR(Q16/Q15-1,"") -> -0.076340976 | R29: =IFERROR(R16/R15-1,"") -> -0.088854918 | Z29: =P25 -> 21/22 | AA29: 275480
B30: Q4 | 21/22 | C30: =ECA!C30-German!C30 -> 266147 | Z30: =P26 -> 22/23 | AA30: 273452
B31: Q1 | 22/23 | C31: =ECA!C31-German!C31 -> 260031 | Z31: =P27 -> 23/24 | AA31: 261397.87
B32: Q2 | 22/23 | C32: =ECA!C32-German!C32 -> 273452 | P32: QoQ Change | Z32: =P28 -> 24/25 | AA32: 256104
B33: Q3 | 22/23 | C33: =ECA!C33-German!C33 -> 248981 | Q33: Q1 | R33: Q2 | S33: Q3 | T33: Q4 | Z33: 25/26 | AA33: 233347.9
B34: Q4 | 22/23 | C34: =ECA!C34-German!C34 -> 267154 | P34: =P20 -> 16/17 | R34: =IFERROR(R7/Q7-1,"") -> 0 | S34: =IFERROR(S7/R7-1,"") -> -0.016901715 | T34: =IFERROR(T7/S7-1,"") -> 0.023799673
B35: Q1 | 23/24 | C35: =ECA!C35-German!C35 -> 253318 | P35: =P21 -> 17/18 | Q35: =IFERROR(Q8/T7-1,"") -> 0.019229307 | R35: =IFERROR(R8/Q8-1,"") -> 0.015910527 | S35: =IFERROR(S8/R8-1,"") -> 0.011445574 | T35: =IFERROR(T8/S8-1,"") -> -0.018246279
B36: Q2 | 23/24 | C36: =ECA!C36-German!C36 -> 261397.87 | P36: =P22 -> 18/19 | Q36: =IFERROR(Q9/T8-1,"") -> 0.011464106 | R36: =IFERROR(R9/Q9-1,"") -> 0.034391087 | S36: =IFERROR(S9/R9-1,"") -> -0.067596267 | T36: =IFERROR(T9/S9-1,"") -> 0.03558222
B37: Q3 | 23/24 | C37: =ECA!C37-German!C37 -> 255502 | P37: =P23 -> 19/20 | Q37: =IFERROR(Q10/T9-1,"") -> -0.010230849 | R37: =IFERROR(R10/Q10-1,"") -> 0.048351631 | S37: =IFERROR(S10/R10-1,"") -> -0.12678237 | T37: =IFERROR(T10/S10-1,"") -> 0.072918039
B38: Q4 | 23/24 | C38: =ECA!C38-German!C38 -> 253982.86 | P38: =P24 -> 20/21 | Q38: =IFERROR(Q11/T10-1,"") -> -0.0010222883 | R38: =IFERROR(R11/Q11-1,"") -> 0.056386519 | S38: =IFERROR(S11/R11-1,"") -> -0.0095481972 | T38: =IFERROR(T11/S11-1,"") -> 0.012911786
B39: Q1 | 24/25 | C39: =ECA!C39-German!C39 -> 241836 | P39: =P25 -> 21/22 | Q39: =IFERROR(Q12/T11-1,"") -> -0.0056849653 | R39: =IFERROR(R12/Q12-1,"") -> 0.036898188 | S39: =IFERROR(S12/R12-1,"") -> -0.028666328 | T39: =IFERROR(T12/S12-1,"") -> -0.0053665592
B40: Q2 | 24/25 | C40: =ECA!C40-German!C40 -> 256104 | P40: =P26 -> 22/23 | Q40: =IFERROR(Q13/T12-1,"") -> -0.022979782 | R40: =IFERROR(R13/Q13-1,"") -> 0.051613077 | S40: =IFERROR(S13/R13-1,"") -> -0.089489197 | T40: =IFERROR(T13/S13-1,"") -> 0.072989505
B41: Q3 | 24/25 | C41: =ECA!C41-German!C41 -> 247482 | P41: =P27 -> 23/24 | Q41: =IFERROR(Q14/T13-1,"") -> -0.051790353 | R41: =IFERROR(R14/Q14-1,"") -> 0.031896153 | S41: =IFERROR(S14/R14-1,"") -> -0.022555155 | T41: =IFERROR(T14/S14-1,"") -> -0.005945695
B42: Q4 | 24/25 | C42: =ECA!C42-German!C42 -> 242471 | P42: 24/25 | Q42: =IFERROR(Q15/T14-1,"") -> -0.047825538 | R42: =IFERROR(R15/Q15-1,"") -> 0.058998678 | S42: =IFERROR(S15/R15-1,"") -> -0.033666011 | T42: =IFERROR(T15/S15-1,"") -> -0.020247937
B43: Q1 | 25/26 | C43: =ECA!C43-German!C43 -> 223374 | P43: 25/26 | Q43: =IFERROR(Q16/T15-1,"") -> -0.078759934 | R43: =IFERROR(R16/Q16-1,"") -> 0.044651123
B44: Q2 | 25/26 | C44: =ECA!C44-German!C44 -> 233347.9

Sheet MCB
C1: Q | D1: MCB Grind (MT)
C2: Q4-07 | D2: 85001 | G2: Quarter | H2: MCB | I2: CAA | J2: MCB % as of CAA
C3: Q1-08 | D3: 81734 | G3: Q1 | 16/17 | H3: =D38 -> 57029 | I3: 177450 | J3: =H3/I3 -> 0.32138067
C4: Q2-08 | D4: 81992 | G4: Q2 | 16/17 | H4: =D39 -> 54384 | I4: 177450 | J4: =H4/I4 -> 0.30647506
C5: Q3-08 | D5: 84922 | G5: Q3 | 16/17 | H5: =D40 -> 49072 | I5: 160878 | J5: =H5/I5 -> 0.30502617 | T5: CAA Q4 24/25 Grind Prediction
C6: Q4-08 | D6: 72926 | G6: Q4 | 16/17 | H6: =D41 -> 55665 | I6: 189407 | J6: =H6/I6 -> 0.29389093
C7: Q1-09 | D7: 67104 | G7: Q1 | 17/18 | H7: =D42 -> 59137 | I7: 196476 | J7: =H7/I7 -> 0.30098842 | T7: Method 1 | U7: =I40 -> 223503 | W7: Regression Model Against MCB
C8: Q2-09 | D8: 64118 | G8: Q2 | 17/18 | H8: =D43 -> 58841 | I8: 190244 | J8: =H8/I8 -> 0.30929228
C9: Q3-09 | D9: 72014 | G9: Q3 | 17/18 | H9: =D44 -> 57512 | I9: 185394 | J9: =H9/I9 -> 0.310215 | T9: Method 3 | U9: =K46 -> 224712.39 | W9: Method of Proportion
C10: Q4-09 | D10: 74993 | G10: Q4 | 17/18 | H10: =D45 -> 60857 | I10: 196418 | J10: =H10/I10 -> 0.30983413 | W10: Last 5 Years
C11: Q1-10 | D11: 73498 | G11: Q1 | 18/19 | H11: =D46 -> 72451 | I11: 208900 | J11: =H11/I11 -> 0.34682145
C12: Q2-10 | D12: 75117 | G12: Q2 | 18/19 | H12: =D47 -> 79722 | I12: 208388 | J12: =H12/I12 -> 0.38256521
C13: Q3-10 | D13: 73529 | G13: Q3 | 18/19 | H13: =D48 -> 83449 | I13: 215574 | J13: =H13/I13 -> 0.38710141
C14: Q4-10 | D14: 80268 | G14: Q4 | 18/19 | H14: =D49 -> 91197 | I14: 225356 | J14: =H14/I14 -> 0.40467971
C15: Q1-11 | D15: 81419 | G15: Q1 | 19/20 | H15: =D50 -> 89358 | I15: 227013 | J15: =H15/I15 -> 0.39362503 | T15: Average | U15: =AVERAGE(U7:U10) -> 224107.7
C16: Q2-11 | D16: 72089 | G16: Q2 | 19/20 | H16: =D51 -> 74831 | I16: 207356 | J16: =H16/I16 -> 0.36088177
C17: Q3-11 | D17: 71451 | G17: Q3 | 19/20 | H17: =D52 -> 77426 | I17: 202674 | J17: =H17/I17 -> 0.38202236
C18: Q4-11 | D18: 74312 | G18: Q4 | 19/20 | H18: =D53 -> 76491 | I18: 202665 | J18: =H18/I18 -> 0.3774258
C19: Q1-12 | D19: 74562 | G19: Q1 | 20/21 | H19: =D54 -> 87163 | I19: 217546 | J19: =H19/I19 -> 0.40066469
C20: Q2-12 | D20: 74493 | G20: Q2 | 20/21 | H20: =D55 -> 83990 | I20: 213858 | J20: =H20/I20 -> 0.39273724
C21: Q3-12 | D21: 73454 | G21: Q3 | 20/21 | H21: =D56 -> 87328 | I21: 220865 | J21: =H21/I21 -> 0.39539085
C22: Q4-12 | D22: 77016 | G22: Q4 | 20/21 | H22: =D57 -> 79120 | I22: 210970 | J22: =H22/I22 -> 0.37502963
C23: Q1-13 | D23: 72203 | G23: Q1 | 21/22 | H23: =D58 -> 101544 | I23: 231309 | J23: =H23/I23 -> 0.43899719
C24: Q2-13 | D24: 72191 | G24: Q2 | 21/22 | H24: =D59 -> 90424 | I24: 213313 | J24: =H24/I24 -> 0.4239029
C25: Q3-13 | D25: 71150 | G25: Q3 | 21/22 | H25: =D60 -> 92331 | I25: 228895 | J25: =H25/I25 -> 0.40337709
C26: Q4-13 | D26: 70064 | G26: Q4 | 21/22 | H26: =D61 -> 91022 | I26: 231080 | J26: =H26/I26 -> 0.39389822
C27: Q1-14 | D27: 62359 | G27: Q1 | 22/23 | H27: =D62 -> 93763 | I27: 230806 | J27: =H27/I27 -> 0.40624161
... C30: Q4-14 | D30: 55590 | G30: Q4 | 22/23 | H30: =D65 -> 87907 | I30: 211468 | J30: =H30/I30 -> 0.41569883
C31: Q1-15 | D31: 45208 | G31: Q1 | 23/24 | H31: =D66 -> 99557 | I31: =CAA!C35 -> 211202 | J31: =H31/I31 -> 0.47138285
C32: Q2-15 | D32: 45610 | G32: Q2 | 23/24 | H32: =D67 -> 99433 | I32: =CAA!C36 -> 225562 | J32: =H32/I32 -> 0.44082337
C33: Q3-15 | D33: 48847 | G33: Q3 | 23/24 | H33: =D68 -> 89984 | I33: =CAA!C37 -> 215528 | J33: =H33/I33 -> 0.41750492
C34: Q4-15 | D34: 48030 | G34: Q4 | 23/24 | H34: 93878 | I34: =CAA!C38 -> 221205 | J34: =H34/I34 -> 0.42439366
C35: Q1-16 | D35: 47010 | G35: Q1 | 24/25 | H35: =D70 -> 85310 | I35: =CAA!C39 -> 214505 | J35: =H35/I35 -> 0.39770635
C36: Q2-16 | D36: 45873 | G36: Q2 | 24/25 | H36: =D71 -> 84192 | I36: =CAA!C40 -> 217459 | J36: =H36/I36 -> 0.38716264
C37: Q3-16 | D37: 53181 | G37: Q3 | 24/25 | H37: =D72 -> 70196 | I37: =CAA!C41 -> 182118 | J37: =H37/I37 -> 0.38544241
C38: Q4-16 | D38: 57029 | G38: Q4 | 24/25 | H38: 60780 | I38: =CAA!C42 -> 183413 | J38: =H38/I38 -> 0.33138327
C39: Q1-17 | D39: 54384 | G39: Q1 | 25/26 | H39: 79528 | I39: =CAA!C43 -> 197022 | J39: =H39/I39 -> 0.40365035
C40: Q2-17 | D40: 49072 | E40: YoY | F40: =H40/H36-1 -> 0.086754086 | G40: Q2 | 25/26 | H40: 91496 | I40: 223503 | J40: =H40/I40 -> 0.40937258
C41: Q3-17 | D41: 55665 | E41: QoQ | F41: =H40/H39-1 -> 0.15048788 | G41: Q3 | 25/26 | H41: 90833.624 | I41: 224646 | J41: =H41/I41 -> 0.40434116
C42: Q4-17 | D42: 59137 | G42: Q4 | 25/26 | H42: 89400 | I42: =H42/J41 -> 221100.42 | J42: =H42/I42 -> 0.40434116
C43: Q1-18 | D43: 58841
C44: Q2-18 | D44: 57512
C45: Q3-18 | D45: 60857 | H45: Avg (last Q) | I45: Avg (last Q2) | J45: Avg ( last Yr) | K45: Avg ( last 5)
C46: Q4-18 | D46: 72451 | G46: CAA | H46: =H40/J39 -> 226671.42 | I46: =H40/J36 -> 236324.46 | J46: =$H$40/AVERAGE(J36:J39) -> 242753.13 | K46: =H40/AVERAGE(J20:J39) -> 224712.39 | N46: Regression Statistics
C47: Q1-19 | D47: 79722 | N47: {=LINEST(I3:I39,H3:H39)} -> 1.0765057 | O47: 122254.42
C48: Q2-19 | D48: 83449 | J48: Average | K48: =AVERAGE(H46:K46) -> 232615.35
C49: Q3-19 | D49: 91197
C50: Q4-19 | D50: 89358
C51: Q1-20 | D51: 74831
C52: Q2-20 | D52: 77426
C53: Q3-20 | D53: 76491
C54: Q4-20 | D54: 87163
C55: Q1-21 | D55: 83990
C56: Q2-21 | D56: 87328
C57: Q3-21 | D57: 79120
C58: Q4-21 | D58: 101544
C59: Q1-22 | D59: 90424
C60: Q2-22 | D60: 92331
... C72: Q2-25 | D72: 70196
C73: Q3-25 | D73: =H38 -> 60780
C74: Q4-25 | D74: =H39 -> 79528
C75: Q1-26 | D75: =H40 -> 91496
G117: Quarter | H117: MCB | I117: CAA | J117: MCB %
G118: Q1 | 16/17 | H118: 57029 | I118: 177450 | J118: 0.32138067
G119: Q2 | 16/17 | H119: 54384 | I119: 177450 | J119: 0.30647506
G120: Q3 | 16/17 | H120: 49072 | I120: 160878 | J120: 0.30502617
G121: Q4 | 16/17 | H121: 55665 | I121: 189407 | J121: 0.29389093
G122: Q1 | 17/18 | H122: 59137 | I122: 196476 | J122: 0.30098842
G123: Q2 | 17/18 | H123: 58841 | I123: 190244 | J123: 0.30929228
G124: Q3 | 17/18 | H124: 57512 | I124: 185394 | J124: 0.310215
G125: Q4 | 17/18 | H125: 60857 | I125: 196418 | J125: 0.30983413
G126: Q1 | 18/19 | H126: 72451 | I126: 208900 | J126: 0.34682145
G127: Q2 | 18/19 | H127: 79722 | I127: 208388 | J127: 0.38256521
G128: Q3 | 18/19 | H128: 83449 | I128: 215574 | J128: 0.38710141
G129: Q4 | 18/19 | H129: 91197 | I129: 225356 | J129: 0.40467971
... G143: Q2 | 22/23 | H143: 90655 | I143: 222028 | J143: 0.40830436
G144: Q3 | 22/23 | H144: 92087 | I144: 213977 | J144: 0.43035934 | P144: CAA Revision
G145: Q4 | 22/23 | H145: 87907 | I145: 211468 | J145: 0.41569883 | P145: Quarter | Q145: Old | R145: New | S145: New-Old
G146: Q1 | 23/24 | H146: 99557 | I146: 211202 | J146: 0.47138285 | L146: Q1 | 23/24 | M146: 99557 | N146: 211202 | P146: Q1 | 23/24 | Q146: 211202 | R146: 211202 | S146: =R146-Q146 -> 0
G147: Q2 | 23/24 | H147: 99433 | I147: 221530 | J147: 0.44884666 | L147: Q2 | 23/24 | M147: 99433 | N147: 225562 | P147: Q2 | 23/24 | Q147: 221530 | R147: 225562 | S147: =R147-Q147 -> 4032
G148: Q3 | 23/24 | H148: 89984 | I148: 210968 | J148: 0.42652914 | L148: Q3 | 23/24 | M148: 89984 | N148: 215528 | P148: Q3 | 23/24 | Q148: 210968 | R148: 215528 | S148: =R148-Q148 -> 4560
G149: Q4 | 23/24 | H149: 93878 | I149: 216998 | J149: 0.4326215 | L149: Q4 | 23/24 | M149: 93878 | N149: 221205 | P149: Q4 | 23/24 | Q149: 216998 | R149: 221205 | S149: =R149-Q149 -> 4207
G150: Q1 | 24/25 | H150: 85310 | I150: 210111 | J150: 0.40602348 | L150: Q1 | 24/25 | M150: 85310 | N150: 214505 | P150: Q1 | 24/25 | Q150: 210111 | R150: 214505 | S150: =R150-Q150 -> 4394
G151: Q2 | 24/25 | H151: 84192 | I151: 213898 | J151: 0.39360817 | L151: Q2 | 24/25 | M151: 84192 | N151: 217459 | P151: Q2 | 24/25 | Q151: 213898 | R151: 217459 | S151: =R151-Q151 -> 3561
G152: Q3 | 24/25 | H152: 70196 | I152: 176644 | J152: 0.39738683 | L152: Q3 | 24/25 | M152: 70196 | N152: 182118 | P152: Q3 | 24/25 | Q152: 176644 | R152: 182118 | S152: =R152-Q152 -> 5474
G153: Q4 | 24/25 | H153: 60780 | I153: 170485.18 | J153: 0.35651193 | L153: Q4 | 24/25 | M153: 60780 | N153: 183413 | P153: Q4 | 24/25 | R153: 183413

Sheet CAA Grinding Estimates
C6: Beq export | D6: Oct | E6: Nov | F6: Dec | G6: Jan | H6: Feb | I6: Mar | J6: Apr | K6: May | L6: Jun | M6: Jul | N6: Aug | O6: Sep
C7: 14/15 | D7: 64608.322 | E7: 70144.562 | F7: 71966.927 | G7: 65491.562 | H7: 70839.163 | I7: 75939.138 | J7: 74901.661 | K7: 68486.255 | L7: 77818.681 | M7: 60954.579 | N7: 74513.378 | O7: 83207.791
C8: 15/16 | D8: 81667.022 | E8: 72727.013 | F8: 78745.966 | G8: 64829.124 | H8: 67295.726 | I8: 75050.722 | J8: 68934.506 | K8: 68274.254 | L8: 86296.826 | M8: 55551.873 | N8: 75313.845 | O8: 80594.583
C9: 16/17 | D9: 75342.817 | E9: 88270.893 | F9: 67195.462 | G9: 70469.737 | H9: 73927.779 | I9: 84784.262 | J9: 67185.086 | K9: 75678.814 | L9: 70818.299 | M9: 76801.756 | N9: 76522.789 | O9: 78967.245
C10: 17/18 | D10: 93729.743 | E10: 84582.843 | F10: 70305.859 | G10: 81183.35 | H10: 85335.578 | I10: 92207.838 | J10: 74624.806 | K10: 87341.294 | L10: 85467.905 | M10: 87638.697 | N10: 84078.626 | O10: 88656.113
C11: 18/19 | D11: 88410.229 | E11: 83177.101 | F11: 83552.261 | G11: 81167.07 | H11: 81037.194 | I11: 88896.329 | J11: 87489.257 | K11: 111392.15 | L11: 82824.504 | M11: 92421.8 | N11: 105203.69 | O11: 92741.847
C12: 19/20 | D12: 94787.575 | E12: 93323.486 | F12: 90120.746 | G12: 89489.633 | H12: 95988.198 | I12: 93246.493 | J12: 88475.369 | K12: 93475.89 | L12: 81526.676 | M12: 83409.487 | N12: 85501.799 | O12: 86268.375
C13: 20/21 | D13: 93928.124 | E13: 83102.455 | F13: 103816.22 | G13: 81628.318 | H13: 87338.091 | I13: 95952.861 | J13: 92652.965 | K13: 79667.649 | L13: 90382.806 | M13: 94406.106 | N13: 93316.528 | O13: 94474.67
C14: 21/22 | D14: 88550.147 | E14: 115568.05 | F14: 94655.871 | G14: 86205.289 | H14: 90661.478 | I14: 96441.383 | J14: 96793.75 | K14: 88253.256 | L14: 116583.52 | M14: 100111.68 | N14: 95649.635 | O14: 98404.688
C15: 22/23 | D15: 96279.377 | E15: 101122.44 | F15: 104254.5 | G15: 86793.142 | H15: 96576.558 | I15: 102709.74 | J15: 78962.997 | K15: 105359.44 | L15: 98990.012 | M15: 88021.426 | N15: 94123.421 | O15: 97207.171
C16: 23/24 | D16: 94870.764 | E16: 98658.696 | F16: 95069.044 | G16: 90029.94 | H16: 96057.115 | I16: 99825.043 | J16: 82017.716 | K16: 94743.88 | L16: 79441.405 | M16: 98647.992 | N16: 95940.25 | O16: 115351.78
C17: 24/25 | D17: 168072.26 | E17: 146864.18 | F17: 205486.98 | G17: 148322.74 | H17: 187603.44 | I17: 160316.26 | J17: 195420.28 | K17: 170361.42 | L17: 146590.24 | M17: 180169.52 | N17: 155837.11 | O17: 157879.29
C18: 25/26 | D18: 135839.39 | E18: 175605.45 | F18: 175605.45
C21: Exports | D21: 1 | E21: 2 | F21: 3 | G21: 4 | K21: Exports | L21: 1 | M21: 2 | N21: 3 | O21: 4
B22: =C7 -> 14/15 | C22: 1 | D22: =SUM(D7:F7) -> 206719.81 | E22: =SUM(G7:I7) -> 212269.86 | F22: =SUM(J7:L7) -> 221206.6 | G22: =SUM(M7:O7) -> 218675.75 | J22: 14/15 | K22: 1
B23: =C8 -> 15/16 | C23: 2 | D23: =SUM(D8:F8) -> 233140 | E23: =SUM(G8:I8) -> 207175.57 | F23: =SUM(J8:L8) -> 223505.59 | G23: =SUM(M8:O8) -> 211460.3 | J23: 15/16 | K23: 2 | L23: =D23/D22-1 -> 0.12780677 | M23: =E23/E22-1 -> -0.023999135 | N23: =F23/F22-1 -> 0.010392953 | O23: =G23/G22-1 -> -0.032996101
B24: =C9 -> 16/17 | C24: 3 | D24: =SUM(D9:F9) -> 230809.17 | E24: =SUM(G9:I9) -> 229181.78 | F24: =SUM(J9:L9) -> 213682.2 | G24: =SUM(M9:O9) -> 232291.79 | J24: 16/17 | K24: 3 | L24: =D24/D23-1 -> -0.0099975504 | M24: =E24/E23-1 -> 0.10622009 | N24: =F24/F23-1 -> -0.043951415 | O24: =G24/G23-1 -> 0.09851253
B25: =C10 -> 17/18 | C25: 4 | D25: =SUM(D10:F10) -> 248618.45 | E25: =SUM(G10:I10) -> 258726.77 | F25: =SUM(J10:L10) -> 247434 | G25: =SUM(M10:O10) -> 260373.44 | J25: 17/18 | K25: 4 | L25: =D25/D24-1 -> 0.077160162 | M25: =E25/E24-1 -> 0.12891508 | N25: =F25/F24-1 -> 0.15795329 | O25: =G25/G24-1 -> 0.12088954
B26: =C11 -> 18/19 | C26: 5 | D26: =SUM(D11:F11) -> 255139.59 | E26: =SUM(G11:I11) -> 251100.59 | F26: =SUM(J11:L11) -> 281705.91 | G26: =SUM(M11:O11) -> 290367.34 | J26: 18/19 | K26: 5 | L26: =D26/D25-1 -> 0.026229537 | M26: =E26/E25-1 -> -0.029475783 | N26: =F26/F25-1 -> 0.13850929 | O26: =G26/G25-1 -> 0.11519569
B27: =C12 -> 19/20 | C27: 6 | D27: =SUM(D12:F12) -> 278231.81 | E27: =SUM(G12:I12) -> 278724.32 | F27: =SUM(J12:L12) -> 263477.93 | G27: =SUM(M12:O12) -> 255179.66 | J27: 19/20 | K27: 6 | L27: =D27/D26-1 -> 0.090508164 | M27: =E27/E26-1 -> 0.11001062 | N27: =F27/F26-1 -> -0.064705698 | O27: =G27/G26-1 -> -0.12118331
B28: =C13 -> 20/21 | C28: 7 | D28: =SUM(D13:F13) -> 280846.8 | E28: =SUM(G13:I13) -> 264919.27 | F28: =SUM(J13:L13) -> 262703.42 | G28: =SUM(M13:O13) -> 282197.3 | J28: 20/21 | K28: 7 | L28: =D28/D27-1 -> 0.0093986096 | M28: =E28/E27-1 -> -0.049529423 | N28: =F28/F27-1 -> -0.002939582 | O28: =G28/G27-1 -> 0.10587694
B29: =C14 -> 21/22 | C29: 8 | D29: =SUM(D14:F14) -> 298774.07 | E29: =SUM(G14:I14) -> 273308.15 | F29: =SUM(J14:L14) -> 301630.53 | G29: =SUM(M14:O14) -> 294166 | J29: 21/22 | K29: 8 | L29: =D29/D28-1 -> 0.063832911 | M29: =E29/E28-1 -> 0.031665799 | N29: =F29/F28-1 -> 0.14817891 | O29: =G29/G28-1 -> 0.042412516
B30: =C15 -> 22/23 | C30: 9 | D30: =SUM(D15:F15) -> 301656.32 | E30: =SUM(G15:I15) -> 286079.44 | F30: =SUM(J15:L15) -> 283312.45 | G30: =SUM(M15:O15) -> 279352.02 | J30: 22/23 | K30: 9 | L30: =D30/D29-1 -> 0.0096469264 | M30: =E30/E29-1 -> 0.04672854 | N30: =F30/F29-1 -> -0.060730185 | O30: =G30/G29-1 -> -0.050359262
B31: =C16 -> 23/24 | C31: 10 | D31: =SUM(D16:F16) -> 288598.5 | E31: =SUM(G16:I16) -> 285912.1 | F31: =SUM(J16:L16) -> 256203 | G31: =SUM(M16:O16) -> 309940.02 | J31: 23/24 | K31: 10 | L31: =D31/D30-1 -> -0.043287061 | M31: =E31/E30-1 -> -0.00058495407 | N31: =F31/F30-1 -> -0.095687454 | O31: =G31/G30-1 -> 0.10949628
B32: =C17 -> 24/25 | C32: 11 | D32: =SUM(D17:F17) -> 520423.42 | E32: =SUM(G17:I17) -> 496242.44 | F32: =SUM(J17:L17) -> 512371.94 | G32: =SUM(M17:O17) -> 493885.93 | J32: 24/25 | K32: 11 | L32: =D32/D31-1 -> 0.80327829 | M32: =E32/E31-1 -> 0.73564688 | N32: =F32/F31-1 -> 0.99986705 | O32: =G32/G31-1 -> 0.59348872
B33: =C18 -> 25/26 | C33: 12 | D33: =SUM(D18:F18) -> 487050.29 | J33: 25/26 | K33: 12 | L33: =D33/D32-1 -> -0.064126883
D39: Grind yoY
E41: 1 | F41: 2 | G41: 3 | H41: 4
C42: 1 | D42: 17/18 | E42: 0.10721893 | F42: 0.072099183 | G42: 0.15238877 | H42: 0.037015527 | J42: 0.077160162 | K42: 0.12891508 | L42: 0.15795329 | M42: 0.12088954
C43: 2 | D43: 18/19 | E43: 0.063234186 | F43: 0.095372259 | G43: 0.16278844 | H43: 0.14732866 | J43: 0.026229537 | K43: -0.029475783 | L43: 0.13850929 | M43: 0.11519569
C44: 3 | D44: 19/20 | E44: 0.086706558 | F44: -0.0049523005 | G44: -0.05984024 | H44: -0.10068958 | J44: 0.090508164 | K44: 0.11001062 | L44: -0.064705698 | M44: -0.12118331
C45: 4 | D45: 20/21 | E45: -0.041702458 | F45: 0.031356701 | G45: 0.089754976 | H45: 0.040978955 | J45: 0.0093986096 | K45: -0.049529423 | L45: -0.002939582 | M45: 0.10587694
C46: 5 | D46: 21/22 | E46: 0.063264781 | F46: -0.00254842 | G46: 0.036357051 | H46: 0.09532161 | J46: 0.063832911 | K46: 0.031665799 | L46: 0.14817891 | M46: 0.042412516
C47: 6 | D47: 22/23 | E47: -0.0021745803 | F47: 0.040855457 | G47: -0.065173988 | H47: -0.08487104 | J47: 0.0096469264 | K47: 0.04672854 | L47: -0.060730185 | M47: -0.050359262
C48: 7 | D48: 23/24 | E48: -0.084937133 | F48: 0.015916911 | G48: 0.0072484426 | H48: 0.046044792 | J48: -0.043287061 | K48: -0.00058495407 | L48: -0.095687454 | M48: 0.10949628
D49: 24/25 | E49: 0.015639056 | F49: -0.035923604 | G49: -0.15501466 | H49: -0.17084605 | J49: 0.80327829 | K49: 0.73564688 | L49: 0.99986705 | M49: 0.59348872
D50: 25/26
G54: Exports | H54: Grind
E55: 1 | F55: 1 | G55: =INDEX($E$42:$H$48,MATCH(E55,$C$42:$C$48),MATCH(F55,$E$41:$H$41)) -> 0.10721893 | H55: =INDEX($J$42:$M$48,MATCH(E55,$C$42:$C$48),MATCH(F55,$E$41:$H$41)) -> 0.077160162
E56: 1 | F56: 2 | G56: =INDEX($E$42:$H$48,MATCH(E56,$C$42:$C$48),MATCH(F56,$E$41:$H$41)) -> 0.072099183 | H56: =INDEX($J$42:$M$48,MATCH(E56,$C$42:$C$48),MATCH(F56,$E$41:$H$41)) -> 0.12891508
E57: 1 | F57: 3 | G57: =INDEX($E$42:$H$48,MATCH(E57,$C$42:$C$48),MATCH(F57,$E$41:$H$41)) -> 0.15238877 | H57: =INDEX($J$42:$M$48,MATCH(E57,$C$42:$C$48),MATCH(F57,$E$41:$H$41)) -> 0.15795329
E58: 1 | F58: 4 | G58: =INDEX($E$42:$H$48,MATCH(E58,$C$42:$C$48),MATCH(F58,$E$41:$H$41)) -> 0.037015527 | H58: =INDEX($J$42:$M$48,MATCH(E58,$C$42:$C$48),MATCH(F58,$E$41:$H$41)) -> 0.12088954
E59: =E55+1 -> 2 | F59: =F55 -> 1 | G59: =INDEX($E$42:$H$48,MATCH(E59,$C$42:$C$48),MATCH(F59,$E$41:$H$41)) -> 0.063234186 | H59: =INDEX($J$42:$M$48,MATCH(E59,$C$42:$C$48),MATCH(F59,$E$41:$H$41)) -> 0.026229537
E60: =E56+1 -> 2 | F60: =F56 -> 2 | G60: =INDEX($E$42:$H$48,MATCH(E60,$C$42:$C$48),MATCH(F60,$E$41:$H$41)) -> 0.095372259 | H60: =INDEX($J$42:$M$48,MATCH(E60,$C$42:$C$48),MATCH(F60,$E$41:$H$41)) -> -0.029475783
E61: =E57+1 -> 2 | F61: =F57 -> 3 | G61: =INDEX($E$42:$H$48,MATCH(E61,$C$42:$C$48),MATCH(F61,$E$41:$H$41)) -> 0.16278844 | H61: =INDEX($J$42:$M$48,MATCH(E61,$C$42:$C$48),MATCH(F61,$E$41:$H$41)) -> 0.13850929
E62: =E58+1 -> 2 | F62: =F58 -> 4 | G62: =INDEX($E$42:$H$48,MATCH(E62,$C$42:$C$48),MATCH(F62,$E$41:$H$41)) -> 0.14732866 | H62: =INDEX($J$42:$M$48,MATCH(E62,$C$42:$C$48),MATCH(F62,$E$41:$H$41)) -> 0.11519569
E63: =E59+1 -> 3 | F63: =F59 -> 1 | G63: =INDEX($E$42:$H$48,MATCH(E63,$C$42:$C$48),MATCH(F63,$E$41:$H$41)) -> 0.086706558 | H63: =INDEX($J$42:$M$48,MATCH(E63,$C$42:$C$48),MATCH(F63,$E$41:$H$41)) -> 0.090508164
E64: =E60+1 -> 3 | F64: =F60 -> 2 | G64: =INDEX($E$42:$H$48,MATCH(E64,$C$42:$C$48),MATCH(F64,$E$41:$H$41)) -> -0.0049523005 | H64: =INDEX($J$42:$M$48,MATCH(E64,$C$42:$C$48),MATCH(F64,$E$41:$H$41)) -> 0.11001062
E65: =E61+1 -> 3 | F65: =F61 -> 3 | G65: =INDEX($E$42:$H$48,MATCH(E65,$C$42:$C$48),MATCH(F65,$E$41:$H$41)) -> -0.05984024 | H65: =INDEX($J$42:$M$48,MATCH(E65,$C$42:$C$48),MATCH(F65,$E$41:$H$41)) -> -0.064705698
E66: =E62+1 -> 3 | F66: =F62 -> 4 | G66: =INDEX($E$42:$H$48,MATCH(E66,$C$42:$C$48),MATCH(F66,$E$41:$H$41)) -> -0.10068958 | H66: =INDEX($J$42:$M$48,MATCH(E66,$C$42:$C$48),MATCH(F66,$E$41:$H$41)) -> -0.12118331
E67: =E63+1 -> 4 | F67: =F63 -> 1 | G67: =INDEX($E$42:$H$48,MATCH(E67,$C$42:$C$48),MATCH(F67,$E$41:$H$41)) -> -0.041702458 | H67: =INDEX($J$42:$M$48,MATCH(E67,$C$42:$C$48),MATCH(F67,$E$41:$H$41)) -> 0.0093986096
E68: =E64+1 -> 4 | F68: =F64 -> 2 | G68: =INDEX($E$42:$H$48,MATCH(E68,$C$42:$C$48),MATCH(F68,$E$41:$H$41)) -> 0.031356701 | H68: =INDEX($J$42:$M$48,MATCH(E68,$C$42:$C$48),MATCH(F68,$E$41:$H$41)) -> -0.049529423
E69: =E65+1 -> 4 | F69: =F65 -> 3 | G69: =INDEX($E$42:$H$48,MATCH(E69,$C$42:$C$48),MATCH(F69,$E$41:$H$41)) -> 0.089754976 | H69: =INDEX($J$42:$M$48,MATCH(E69,$C$42:$C$48),MATCH(F69,$E$41:$H$41)) -> -0.002939582
E70: =E66+1 -> 4 | F70: =F66 -> 4 | G70: =INDEX($E$42:$H$48,MATCH(E70,$C$42:$C$48),MATCH(F70,$E$41:$H$41)) -> 0.040978955 | H70: =INDEX($J$42:$M$48,MATCH(E70,$C$42:$C$48),MATCH(F70,$E$41:$H$41)) -> 0.10587694
... E81: =E77+1 -> 7 | F81: =F77 -> 3 | G81: =INDEX($E$42:$H$48,MATCH(E81,$C$42:$C$48),MATCH(F81,$E$41:$H$41)) -> 0.0072484426 | H81: =INDEX($J$42:$M$48,MATCH(E81,$C$42:$C$48),MATCH(F81,$E$41:$H$41)) -> -0.095687454
E82: =E78+1 -> 7 | F82: =F78 -> 4 | G82: =INDEX($E$42:$H$48,MATCH(E82,$C$42:$C$48),MATCH(F82,$E$41:$H$41)) -> 0.046044792 | H82: =INDEX($J$42:$M$48,MATCH(E82,$C$42:$C$48),MATCH(F82,$E$41:$H$41)) -> 0.10949628 | J82: {=LINEST(H55:H82,G55:G82)} -> 0.75761078 | K82: 0.010666676
G83: -0.08 | H83: =G83*J82+K82 -> -0.049942187

Sheet Malaysia
A1: Malaysia Grinds
Y3: =COUNT(Q16:T16) -> 4 | Z3: =OFFSET(P6,0,$Y$3,1,1) -> Q4
C4: -0.05
Q5: 1 | R5: 2 | S5: 3 | T5: 4
B6: Quarter | C6: Malaysia | Q6: Q1 | R6: Q2 | S6: Q3 | T6: Q4 | U6: Q1-Q4 | V6: % | Y6: Year | Z6: =_xlfn.CONCAT("YTD (Q1 to ",Z3,")") -> YTD (Q1 to Q4) | AA6: % | AE6: Q1 | AF6: Q2 | AG6: Q3 | AH6: Q4
B7: Q1 | 16/17 | C7: =MCB!H3 -> 57029 | D7: =C7/CAA!C7 -> 0.32138067 | P7: 16/17 | Q7: =C7 -> 57029 | R7: =C8 -> 54384 | S7: =C9 -> 49072 | T7: =C10 -> 55665 | U7: =SUM(Q7:T7) -> 216150 | Y7: 16/17 | Z7: =SUM(OFFSET(Q7,0,0,1,$Y$3)) -> 216150 | AD7: 2017 | AE7: =Q7 -> 57029 | AF7: =AE7+R7 -> 111413 | AG7: =AF7+S7 -> 160485 | AH7: =AG7+T7 -> 216150
B8: Q2 | 16/17 | C8: =MCB!H4 -> 54384 | D8: =C8/CAA!C8 -> 0.30647506 | P8: 17/18 | Q8: =C11 -> 59137 | R8: =C12 -> 58841 | S8: =C13 -> 57512 | T8: =C14 -> 60857 | U8: =SUM(Q8:T8) -> 236347 | V8: =U8/U7-1 -> 0.093439741 | Y8: 17/18 | Z8: =SUM(OFFSET(Q8,0,0,1,$Y$3)) -> 236347 | AA8: =Z8/Z7-1 -> 0.093439741 | AD8: 2018 | AE8: =Q8 -> 59137 | AF8: =AE8+R8 -> 117978 | AG8: =AF8+S8 -> 175490 | AH8: =AG8+T8 -> 236347
B9: Q3 | 16/17 | C9: =MCB!H5 -> 49072 | D9: =C9/CAA!C9 -> 0.30502617 | P9: 18/19 | Q9: =C15 -> 72451 | R9: =C16 -> 79722 | S9: =C17 -> 83449 | T9: =C18 -> 91197 | U9: =SUM(Q9:T9) -> 326819 | V9: =U9/U8-1 -> 0.3827931 | Y9: 18/19 | Z9: =SUM(OFFSET(Q9,0,0,1,$Y$3)) -> 326819 | AA9: =Z9/Z8-1 -> 0.3827931 | AD9: 2019 | AE9: =Q9 -> 72451 | AF9: =AE9+R9 -> 152173 | AG9: =AF9+S9 -> 235622 | AH9: =AG9+T9 -> 326819
B10: Q4 | 16/17 | C10: =MCB!H6 -> 55665 | D10: =C10/CAA!C10 -> 0.29389093 | P10: 19/20 | Q10: =C19 -> 89358 | R10: =C20 -> 74831 | S10: =C21 -> 77426 | T10: =C22 -> 76491 | U10: =SUM(Q10:T10) -> 318106 | V10: =U10/U9-1 -> -0.026660017 | Y10: 19/20 | Z10: =SUM(OFFSET(Q10,0,0,1,$Y$3)) -> 318106 | AA10: =Z10/Z9-1 -> -0.026660017 | AD10: 2020 | AE10: =Q10 -> 89358 | AF10: =AE10+R10 -> 164189 | AG10: =AF10+S10 -> 241615 | AH10: =AG10+T10 -> 318106
B11: Q1 | 17/18 | C11: =MCB!H7 -> 59137 | D11: =C11/CAA!C11 -> 0.30098842 | P11: 20/21 | Q11: =C23 -> 87163 | R11: =C24 -> 83990 | S11: =C25 -> 87328 | T11: =C26 -> 79120 | U11: =SUM(Q11:T11) -> 337601 | V11: =U11/U10-1 -> 0.061284603 | Y11: 20/21 | Z11: =SUM(OFFSET(Q11,0,0,1,$Y$3)) -> 337601 | AA11: =Z11/Z10-1 -> 0.061284603 | AD11: 2021 | AE11: =Q11 -> 87163 | AF11: =AE11+R11 -> 171153 | AG11: =AF11+S11 -> 258481 | AH11: =AG11+T11 -> 337601
B12: Q2 | 17/18 | C12: =MCB!H8 -> 58841 | D12: =C12/CAA!C12 -> 0.30929228 | P12: 21/22 | Q12: =C27 -> 101544 | R12: =C28 -> 90424 | S12: =C29 -> 92331 | T12: =C30 -> 91022 | U12: =SUM(Q12:T12) -> 375321 | V12: =U12/U11-1 -> 0.11172953 | Y12: 21/22 | Z12: =SUM(OFFSET(Q12,0,0,1,$Y$3)) -> 375321 | AA12: =Z12/Z11-1 -> 0.11172953 | AD12: 2022 | AE12: =Q12 -> 101544 | AF12: =AE12+R12 -> 191968 | AG12: =AF12+S12 -> 284299 | AH12: =AG12+T12 -> 375321
B13: Q3 | 17/18 | C13: =MCB!H9 -> 57512 | D13: =C13/CAA!C13 -> 0.310215 | P13: 22/23 | Q13: =IF(C31=0,"",C31) -> 93763 | R13: =IF(C32=0,"",C32) -> 90655 | S13: =IF(C33=0,"",C33) -> 92087 | T13: =IF(C34=0,NA(),C34) -> 87907 | U13: =SUM(Q13:T13) -> 364412 | V13: =U13/U12-1 -> -0.029065786 | Y13: 22/23 | Z13: =SUM(OFFSET(Q13,0,0,1,$Y$3)) -> 364412 | AA13: =Z13/Z12-1 -> -0.029065786 | AD13: 2023 | AE13: =Q13 -> 93763 | AF13: =AE13+R13 -> 184418 | AG13: =AF13+S13 -> 276505 | AH13: =AG13+T13 -> 364412
B14: Q4 | 17/18 | C14: =MCB!H10 -> 60857 | D14: =C14/CAA!C14 -> 0.30983413 | P14: 23/24 | Q14: =C35 -> 99557 | R14: =C36 -> 99433 | S14: =C37 -> 89984 | T14: =C38 -> 93878 | U14: =SUM(Q14:T14) -> 382852 | V14: =U14/U13-1 -> 0.050602066 | Y14: 23/24 | Z14: =SUM(OFFSET(Q14,0,0,1,$Y$3)) -> 382852 | AA14: =Z14/Z13-1 -> 0.050602066 | AD14: 2024 | AE14: =Q14 -> 99557
B15: Q1 | 18/19 | C15: =MCB!H11 -> 72451 | D15: =C15/CAA!C15 -> 0.34682145 | P15: 24/25 | Q15: =C39 -> 85310 | R15: =C40 -> 84192 | S15: =C41 -> 70196 | T15: =C42 -> 60780 | U15: =SUM(Q15:T15) -> 300478 | V15: =U15/U14-1 -> -0.21515886 | Y15: 24/25 | Z15: =SUM(OFFSET(Q15,0,0,1,$Y$3)) -> 300478 | AA15: =Z15/Z14-1 -> -0.21515886
B16: Q2 | 18/19 | C16: =MCB!H12 -> 79722 | D16: =C16/CAA!C16 -> 0.38256521 | P16: 25/26 | Q16: =C43 -> 79528 | R16: =C44 -> 79982.4 | S16: =C45 -> 90833.624 | T16: =C46 -> 89400 | Y16: 25/26 | Z16: =SUM(OFFSET(Q16,0,0,1,$Y$3)) -> 339744.02 | AA16: =Z16/Z15-1 -> 0.13067853
B17: Q3 | 18/19 | C17: =MCB!H13 -> 83449 | D17: =C17/CAA!C17 -> 0.38710141
B18: Q4 | 18/19 | C18: =MCB!H14 -> 91197 | D18: =C18/CAA!C18 -> 0.40467971 | P18: YoY Change | Y18: Choose Quarter | AA18: Q4
B19: Q1 | 19/20 | C19: =MCB!H15 -> 89358 | D19: =C19/CAA!C19 -> 0.39362503 | Q19: Q1 | R19: Q2 | S19: Q3 | T19: Q4
B20: Q2 | 19/20 | C20: =MCB!H16 -> 74831 | D20: =C20/CAA!C20 -> 0.36088177 | P20: 16/17
B21: Q3 | 19/20 | C21: =MCB!H17 -> 77426 | D21: =C21/CAA!C21 -> 0.38202236 | P21: 17/18 | Q21: =IFERROR(Q8/Q7-1,"") -> 0.03696365 | R21: =IFERROR(R8/R7-1,"") -> 0.081954251 | S21: =IFERROR(S8/S7-1,"") -> 0.17199217 | T21: =IFERROR(T8/T7-1,"") -> 0.093272254
B22: Q4 | 19/20 | C22: =MCB!H18 -> 76491 | D22: =C22/CAA!C22 -> 0.3774258 | P22: 18/19 | Q22: =IFERROR(Q9/Q8-1,"") -> 0.22513824 | R22: =IFERROR(R9/R8-1,"") -> 0.3548716 | S22: =IFERROR(S9/S8-1,"") -> 0.45098414 | T22: =IFERROR(T9/T8-1,"") -> 0.49854577 | Z22: =_xlfn.XLOOKUP(AA18,Q6:T6,Q5:T5) -> 4
B23: Q1 | 20/21 | C23: =MCB!H19 -> 87163 | D23: =C23/CAA!C23 -> 0.40066469 | P23: 19/20 | Q23: =IFERROR(Q10/Q9-1,"") -> 0.23335772 | R23: =IFERROR(R10/R9-1,"") -> -0.061350694 | S23: =IFERROR(S10/S9-1,"") -> -0.07217582 | T23: =IFERROR(T10/T9-1,"") -> -0.1612553 | Z23: Year
B24: Q2 | 20/21 | C24: =MCB!H20 -> 83990 | D24: =C24/CAA!C24 -> 0.39273724 | P24: 20/21 | Q24: =IFERROR(Q11/Q10-1,"") -> -0.024564113 | R24: =IFERROR(R11/R10-1,"") -> 0.1223958 | S24: =IFERROR(S11/S10-1,"") -> 0.12788986 | T24: =IFERROR(T11/T10-1,"") -> 0.034370057 | Z24: 16/17 | AA24: {=OFFSET(P7,0,$Z$22,COUNT($Q$7:$Q$16),1)} -> 55665
B25: Q3 | 20/21 | C25: =MCB!H21 -> 87328 | D25: =C25/CAA!C25 -> 0.39539085 | P25: 21/22 | Q25: =IFERROR(Q12/Q11-1,"") -> 0.16498973 | R25: =IFERROR(R12/R11-1,"") -> 0.076604358 | S25: =IFERROR(S12/S11-1,"") -> 0.057289758 | T25: =IFERROR(T12/T11-1,"") -> 0.15042973 | Z25: 17/18 | AA25: 60857 | AC25: =_xlfn.CONCAT(A1," ",AA18," across Years") -> Malaysia Grinds Q4 across Years
B26: Q4 | 20/21 | C26: =MCB!H22 -> 79120 | D26: =C26/CAA!C26 -> 0.37502963 | P26: 22/23 | Q26: =IFERROR(Q13/Q12-1,"") -> -0.076626881 | R26: =IFERROR(R13/R12-1,"") -> 0.0025546315 | S26: =IFERROR(S13/S12-1,"") -> -0.0026426661 | T26: =IFERROR(T13/T12-1,"") -> -0.034222496 | Z26: 18/19 | AA26: 91197
B27: Q1 | 21/22 | C27: =MCB!H23 -> 101544 | D27: =C27/CAA!C27 -> 0.43899719 | P27: 23/24 | Q27: =IFERROR(Q14/Q13-1,"") -> 0.061794098 | R27: =IFERROR(R14/R13-1,"") -> 0.096828636 | S27: =IFERROR(S14/S13-1,"") -> -0.0228371 | T27: =IFERROR(T14/T13-1,"") -> 0.067924056 | Z27: 19/20 | AA27: 76491
B28: Q2 | 21/22 | C28: =MCB!H24 -> 90424 | D28: =C28/CAA!C28 -> 0.4239029 | P28: 24/25 | Q28: =IFERROR(Q15/Q14-1,"") -> -0.14310395 | R28: =IFERROR(R15/R14-1,"") -> -0.15327909 | S28: =IFERROR(S15/S14-1,"") -> -0.21990576 | T28: =IFERROR(T15/T14-1,"") -> -0.35256397 | Z28: 20/21 | AA28: 79120
B29: Q3 | 21/22 | C29: =MCB!H25 -> 92331 | D29: =C29/CAA!C29 -> 0.40337709 | P29: 25/26 | Q29: =IFERROR(Q16/Q15-1,"") -> -0.067776345 | R29: =IFERROR(R16/R15-1,"") -> -0.05 | S29: =IFERROR(S16/S15-1,"") -> 0.294 | T29: =IFERROR(T16/T15-1,"") -> 0.47087858 | Z29: 21/22 | AA29: 91022
B30: Q4 | 21/22 | C30: =MCB!H26 -> 91022 | D30: =C30/CAA!C30 -> 0.39389822 | Z30: 22/23 | AA30: 87907
B31: Q1 | 22/23 | C31: =MCB!H27 -> 93763 | D31: =C31/CAA!C31 -> 0.40624161 | Z31: 23/24 | AA31: 93878
B32: Q2 | 22/23 | C32: =MCB!H28 -> 90655 | D32: =C32/CAA!C32 -> 0.40830436 | P32: QoQ Change | Z32: 24/25 | AA32: 60780
B33: Q3 | 22/23 | C33: =MCB!H29 -> 92087 | D33: =C33/CAA!C33 -> 0.43035934 | Q33: Q1 | R33: Q2 | S33: Q3 | T33: Q4 | Z33: 25/26 | AA33: 89400
B34: Q4 | 22/23 | C34: =MCB!H30 -> 87907 | D34: =C34/CAA!C34 -> 0.41569883 | P34: 16/17 | R34: =IFERROR(R7/Q7-1,"") -> -0.046379912 | S34: =IFERROR(S7/R7-1,"") -> -0.097675787 | T34: =IFERROR(T7/S7-1,"") -> 0.1343536
B35: Q1 | 23/24 | C35: =MCB!H31 -> 99557 | D35: =C35/CAA!C35 -> 0.47138285 | P35: 17/18 | Q35: =IFERROR(Q8/T7-1,"") -> 0.062373125 | R35: =IFERROR(R8/Q8-1,"") -> -0.0050053266 | S35: =IFERROR(S8/R8-1,"") -> -0.022586292 | T35: =IFERROR(T8/S8-1,"") -> 0.058161775
B36: Q2 | 23/24 | C36: =MCB!H32 -> 99433 | D36: =C36/CAA!C36 -> 0.44082337 | P36: 18/19 | Q36: =IFERROR(Q9/T8-1,"") -> 0.19051218 | R36: =IFERROR(R9/Q9-1,"") -> 0.10035748 | S36: =IFERROR(S9/R9-1,"") -> 0.046749956 | T36: =IFERROR(T9/S9-1,"") -> 0.092847128
B37: Q3 | 23/24 | C37: =MCB!H33 -> 89984 | D37: =C37/CAA!C37 -> 0.41750492 | P37: 19/20 | Q37: =IFERROR(Q10/T9-1,"") -> -0.020165137 | R37: =IFERROR(R10/Q10-1,"") -> -0.16257078 | S37: =IFERROR(S10/R10-1,"") -> 0.034678141 | T37: =IFERROR(T10/S10-1,"") -> -0.012076047
B38: Q4 | 23/24 | C38: =MCB!H34 -> 93878 | D38: =C38/CAA!C38 -> 0.42439366 | P38: 20/21 | Q38: =IFERROR(Q11/T10-1,"") -> 0.13951968 | R38: =IFERROR(R11/Q11-1,"") -> -0.036403061 | S38: =IFERROR(S11/R11-1,"") -> 0.039742827 | T38: =IFERROR(T11/S11-1,"") -> -0.093990473
B39: Q1 | 24/25 | C39: =MCB!H35 -> 85310 | D39: =C39/CAA!C39 -> 0.39770635 | P39: 21/22 | Q39: =IFERROR(Q12/T11-1,"") -> 0.28341759 | R39: =IFERROR(R12/Q12-1,"") -> -0.10950918 | S39: =IFERROR(S12/R12-1,"") -> 0.021089534 | T39: =IFERROR(T12/S12-1,"") -> -0.014177254
B40: Q2 |24/25 | C40: =MCB!H36 -> 84192 | D40: =C40/CAA!C40 -> 0.38716264 | P40: 22/23 | Q40: =IFERROR(Q13/T12-1,"") -> 0.030113599 | R40: =IFERROR(R13/Q13-1,"") -> -0.033147404 | S40: =IFERROR(S13/R13-1,"") -> 0.01579615 | T40: =IFERROR(T13/S13-1,"") -> -0.045391858
B41: Q3 |24/25 | C41: =MCB!H37 -> 70196 | D41: =C41/CAA!C41 -> 0.38544241 | P41: 23/24 | Q41: =IFERROR(Q14/T13-1,"") -> 0.13252642 | R41: =IFERROR(R14/Q14-1,"") -> -0.0012455176 | S41: =IFERROR(S14/R14-1,"") -> -0.095028813 | T41: =IFERROR(T14/S14-1,"") -> 0.04327436
B42: Q4| 24/25 | C42: =MCB!H38 -> 60780 | D42: =C42/CAA!C42 -> 0.33138327 | P42: 24/25 | Q42: =IFERROR(Q15/T14-1,"") -> -0.09126739 | R42: =IFERROR(R15/Q15-1,"") -> -0.013105146 | S42: =IFERROR(S15/R15-1,"") -> -0.16623907 | T42: =IFERROR(T15/S15-1,"") -> -0.1341387
B43: Q1 | 25/26 | C43: =MCB!H39 -> 79528 | D43: =C43/CAA!C43 -> 0.40365035 | P43: 25/26 | Q43: =IFERROR(Q16/T15-1,"") -> 0.30845673 | R43: =IFERROR(R16/Q16-1,"") -> 0.0057137109 | S43: =IFERROR(S16/R16-1,"") -> 0.13567015 | T43: =IFERROR(T16/S16-1,"") -> -0.015782966
B44: Q2 | 25/26 | C44: =R15*(1+C4) -> 79982.4 | D44: =C44/CAA!C44 -> 0.35785828
B45: Q3 | 25/26 | C45: 90834 | D45: =C45/CAA!C45 -> 0.40434116
B46: Q4 | 25/26 | C46: 89400
S53: 90834
R56: 0.38 | S56: =S53/R56 -> 239036.84 | U56: =AVERAGE(S56:S57) -> 230291.59
R57: 0.41 | S57: =S53/R57 -> 221546.34

Sheet CAA Non Malaysian Grind
A1: CAA : Non Malaysian Grind
Y3: =COUNT(Q16:T16) -> 3 | Z3: =OFFSET(P6,0,$Y$3,1,1) -> Q3
Q5: 1 | R5: 2 | S5: 3 | T5: 4
B6: Quarter | C6: Grind | Q6: Q1 | R6: Q2 | S6: Q3 | T6: Q4 | U6: Q1-Q4 | V6: % | Y6: Year | Z6: =_xlfn.CONCAT("YTD (Q1 to ",Z3,")") -> YTD (Q1 to Q3) | AA6: % | AE6: Q1 | AF6: Q2 | AG6: Q3 | AH6: Q4
B7: Q1 | 16/17 | C7: =CAA!C7-Malaysia!C7 -> 120421 | P7: 16/17 | Q7: =C7 -> 120421 | R7: =C8 -> 123066 | S7: =C9 -> 111806 | T7: =C10 -> 133742 | U7: =SUM(Q7:T7) -> 489035 | Y7: 16/17 | Z7: =SUM(OFFSET(Q7,0,0,1,$Y$3)) -> 355293 | AD7: 2017 | AE7: =Q7 -> 120421 | AF7: =AE7+R7 -> 243487 | AG7: =AF7+S7 -> 355293 | AH7: =AG7+T7 -> 489035
B8: Q2 | 16/17 | C8: =CAA!C8-Malaysia!C8 -> 123066 | P8: 17/18 | Q8: =C11 -> 137339 | R8: =C12 -> 131403 | S8: =C13 -> 127882 | T8: =C14 -> 135561 | U8: =SUM(Q8:T8) -> 532185 | V8: =U8/U7-1 -> 0.088234993 | Y8: 17/18 | Z8: =SUM(OFFSET(Q8,0,0,1,$Y$3)) -> 396624 | AA8: =Z8/Z7-1 -> 0.11632934 | AD8: 2018 | AE8: =Q8 -> 137339 | AF8: =AE8+R8 -> 268742 | AG8: =AF8+S8 -> 396624 | AH8: =AG8+T8 -> 532185
B9: Q3 | 16/17 | C9: =CAA!C9-Malaysia!C9 -> 111806 | P9: 18/19 | Q9: =C15 -> 136449 | R9: =C16 -> 128666 | S9: =C17 -> 132125 | T9: =C18 -> 134159 | U9: =SUM(Q9:T9) -> 531399 | V9: =U9/U8-1 -> -0.00147693 | Y9: 18/19 | Z9: =SUM(OFFSET(Q9,0,0,1,$Y$3)) -> 397240 | AA9: =Z9/Z8-1 -> 0.0015531082 | AD9: 2019 | AE9: =Q9 -> 136449 | AF9: =AE9+R9 -> 265115 | AG9: =AF9+S9 -> 397240 | AH9: =AG9+T9 -> 531399
B10: Q4 | 16/17 | C10: =CAA!C10-Malaysia!C10 -> 133742 | P10: 19/20 | Q10: =C19 -> 137655 | R10: =C20 -> 132525 | S10: =C21 -> 125248 | T10: =C22 -> 126174 | U10: =SUM(Q10:T10) -> 521602 | V10: =U10/U9-1 -> -0.018436241 | Y10: 19/20 | Z10: =SUM(OFFSET(Q10,0,0,1,$Y$3)) -> 395428 | AA10: =Z10/Z9-1 -> -0.0045614742 | AD10: 2020 | AE10: =Q10 -> 137655 | AF10: =AE10+R10 -> 270180 | AG10: =AF10+S10 -> 395428 | AH10: =AG10+T10 -> 521602
B11: Q1 | 17/18 | C11: =CAA!C11-Malaysia!C11 -> 137339 | P11: 20/21 | Q11: =C23 -> 130383 | R11: =C24 -> 129868 | S11: =C25 -> 133537 | T11: =C26 -> 131850 | U11: =SUM(Q11:T11) -> 525638 | V11: =U11/U10-1 -> 0.0077377004 | Y11: 20/21 | Z11: =SUM(OFFSET(Q11,0,0,1,$Y$3)) -> 393788 | AA11: =Z11/Z10-1 -> -0.0041474048 | AD11: 2021 | AE11: =Q11 -> 130383 | AF11: =AE11+R11 -> 260251 | AG11: =AF11+S11 -> 393788 | AH11: =AG11+T11 -> 525638
B12: Q2 | 17/18 | C12: =CAA!C12-Malaysia!C12 -> 131403 | P12: 21/22 | Q12: =C27 -> 129765 | R12: =C28 -> 122889 | S12: =C29 -> 136564 | T12: =C30 -> 140058 | U12: =SUM(Q12:T12) -> 529276 | V12: =U12/U11-1 -> 0.006921113 | Y12: 21/22 | Z12: =SUM(OFFSET(Q12,0,0,1,$Y$3)) -> 389218 | AA12: =Z12/Z11-1 -> -0.011605229 | AD12: 2022 | AE12: =Q12 -> 129765 | AF12: =AE12+R12 -> 252654 | AG12: =AF12+S12 -> 389218 | AH12: =AG12+T12 -> 529276
B13: Q3 | 17/18 | C13: =CAA!C13-Malaysia!C13 -> 127882 | P13: 22/23 | Q13: =IF(C31=0,"",C31) -> 137043 | R13: =IF(C32=0,"",C32) -> 131373 | S13: =IF(C33=0,"",C33) -> 121890 | T13: =IF(C34=0,NA(),C34) -> 123561 | U13: =SUM(Q13:T13) -> 513867 | V13: =U13/U12-1 -> -0.029113355 | Y13: 22/23 | Z13: =SUM(OFFSET(Q13,0,0,1,$Y$3)) -> 390306 | AA13: =Z13/Z12-1 -> 0.0027953486 | AD13: 2023 | AE13: =Q13 -> 137043 | AF13: =AE13+R13 -> 268416 | AG13: =AF13+S13 -> 390306 | AH13: =AG13+T13 -> 513867
B14: Q4 | 17/18 | C14: =CAA!C14-Malaysia!C14 -> 135561 | P14: 23/24 | Q14: =C35 -> 111645 | R14: =C36 -> 126129 | S14: =C37 -> 125544 | T14: =C38 -> 127327 | U14: =SUM(Q14:T14) -> 490645 | V14: =U14/U13-1 -> -0.045190682 | Y14: 23/24 | Z14: =SUM(OFFSET(Q14,0,0,1,$Y$3)) -> 363318 | AA14: =Z14/Z13-1 -> -0.069145747 | AD14: 2024 | AE14: =Q14 -> 111645
B15: Q1 | 18/19 | C15: =CAA!C15-Malaysia!C15 -> 136449 | P15: 24/25 | Q15: =C39 -> 129195 | R15: =C40 -> 133267 | S15: =C41 -> 111922 | T15: =C42 -> 122633 | U15: =SUM(Q15:T15) -> 497017 | V15: =U15/U14-1 -> 0.012986987 | Y15: 24/25 | Z15: =SUM(OFFSET(Q15,0,0,1,$Y$3)) -> 374384 | AA15: =Z15/Z14-1 -> 0.030458166
B16: Q2 | 18/19 | C16: =CAA!C16-Malaysia!C16 -> 128666 | P16: 25/26 | Q16: =C43 -> 117494 | R16: =C44 -> 143520.6 | S16: =C45 -> 133812.38
B17: Q3 | 18/19 | C17: =CAA!C17-Malaysia!C17 -> 132125
B18: Q4 | 18/19 | C18: =CAA!C18-Malaysia!C18 -> 134159 | P18: YoY Change | Y18: Choose Quarter | AA18: Q3
B19: Q1 | 19/20 | C19: =CAA!C19-Malaysia!C19 -> 137655 | Q19: Q1 | R19: Q2 | S19: Q3 | T19: Q4
B20: Q2 | 19/20 | C20: =CAA!C20-Malaysia!C20 -> 132525 | P20: 16/17
B21: Q3 | 19/20 | C21: =CAA!C21-Malaysia!C21 -> 125248 | P21: 17/18 | Q21: =IFERROR(Q8/Q7-1,"") -> 0.14049045 | R21: =IFERROR(R8/R7-1,"") -> 0.067744137 | S21: =IFERROR(S8/S7-1,"") -> 0.14378477 | T21: =IFERROR(T8/T7-1,"") -> 0.013600814
B22: Q4 | 19/20 | C22: =CAA!C22-Malaysia!C22 -> 126174 | P22: 18/19 | Q22: =IFERROR(Q9/Q8-1,"") -> -0.0064803151 | R22: =IFERROR(R9/R8-1,"") -> -0.020829053 | S22: =IFERROR(S9/S8-1,"") -> 0.033179024 | T22: =IFERROR(T9/T8-1,"") -> -0.010342208 | Z22: =_xlfn.XLOOKUP(AA18,Q6:T6,Q5:T5) -> 3
B23: Q1 | 20/21 | C23: =CAA!C23-Malaysia!C23 -> 130383 | P23: 19/20 | Q23: =IFERROR(Q10/Q9-1,"") -> 0.0088384671 | R23: =IFERROR(R10/R9-1,"") -> 0.029992383 | S23: =IFERROR(S10/S9-1,"") -> -0.052049196 | T23: =IFERROR(T10/T9-1,"") -> -0.059518929 | Z23: Year
B24: Q2 | 20/21 | C24: =CAA!C24-Malaysia!C24 -> 129868 | P24: 20/21 | Q24: =IFERROR(Q11/Q10-1,"") -> -0.052827721 | R24: =IFERROR(R11/R10-1,"") -> -0.020049047 | S24: =IFERROR(S11/S10-1,"") -> 0.066180697 | T24: =IFERROR(T11/T10-1,"") -> 0.044985496 | Z24: 16/17 | AA24: {=OFFSET(P7,0,$Z$22,COUNT($Q$7:$Q$16),1)} -> 111806
B25: Q3 | 20/21 | C25: =CAA!C25-Malaysia!C25 -> 133537 | P25: 21/22 | Q25: =IFERROR(Q12/Q11-1,"") -> -0.0047398817 | R25: =IFERROR(R12/R11-1,"") -> -0.053739181 | S25: =IFERROR(S12/S11-1,"") -> 0.022667875 | T25: =IFERROR(T12/T11-1,"") -> 0.06225256 | Z25: 17/18 | AA25: 127882 | AC25: =_xlfn.CONCAT(A1," ",AA18," across Years") -> CAA : Non Malaysian Grind Q3 across Years
B26: Q4 | 20/21 | C26: =CAA!C26-Malaysia!C26 -> 131850 | P26: 22/23 | Q26: =IFERROR(Q13/Q12-1,"") -> 0.056086002 | R26: =IFERROR(R13/R12-1,"") -> 0.069037912 | S26: =IFERROR(S13/S12-1,"") -> -0.10745145 | T26: =IFERROR(T13/T12-1,"") -> -0.11778692 | Z26: 18/19 | AA26: 132125
B27: Q1 | 21/22 | C27: =CAA!C27-Malaysia!C27 -> 129765 | P27: 23/24 | Q27: =IFERROR(Q14/Q13-1,"") -> -0.18532869 | R27: =IFERROR(R14/R13-1,"") -> -0.039916878 | S27: =IFERROR(S14/S13-1,"") -> 0.029977849 | T27: =IFERROR(T14/T13-1,"") -> 0.030478873 | Z27: 19/20 | AA27: 125248
B28: Q2 | 21/22 | C28: =CAA!C28-Malaysia!C28 -> 122889 | P28: 24/25 | Q28: =IFERROR(Q15/Q14-1,"") -> 0.15719468 | R28: =IFERROR(R15/R14-1,"") -> 0.056592853 | S28: =IFERROR(S15/S14-1,"") -> -0.10850379 | T28: =IFERROR(T15/T14-1,"") -> -0.036865708 | Z28: 20/21 | AA28: 133537
B29: Q3 | 21/22 | C29: =CAA!C29-Malaysia!C29 -> 136564 | P29: 25/26 | Q29: =IFERROR(Q16/Q15-1,"") -> -0.09056852 | R29: =IFERROR(R16/R15-1,"") -> 0.076940278 | S29: =IFERROR(S16/S15-1,"") -> 0.195586 | Z29: 21/22 | AA29: 136564
B30: Q4 | 21/22 | C30: =CAA!C30-Malaysia!C30 -> 140058 | Z30: 22/23 | AA30: 121890
B31: Q1 | 22/23 | C31: =CAA!C31-Malaysia!C31 -> 137043 | Z31: 23/24 | AA31: 125544
B32: Q2 | 22/23 | C32: =CAA!C32-Malaysia!C32 -> 131373 | P32: QoQ Change | Z32: 24/25 | AA32: 111922
B33: Q3 | 22/23 | C33: =CAA!C33-Malaysia!C33 -> 121890 | Q33: Q1 | R33: Q2 | S33: Q3 | T33: Q4 | Z33: 25/26 | AA33: 133812.38
B34: Q4 | 22/23 | C34: =CAA!C34-Malaysia!C34 -> 123561 | P34: 16/17 | R34: =IFERROR(R7/Q7-1,"") -> 0.021964608 | S34: =IFERROR(S7/R7-1,"") -> -0.09149562 | T34: =IFERROR(T7/S7-1,"") -> 0.19619698
B35: Q1 | 23/24 | C35: =CAA!C35-Malaysia!C35 -> 111645 | P35: 17/18 | Q35: =IFERROR(Q8/T7-1,"") -> 0.026895067 | R35: =IFERROR(R8/Q8-1,"") -> -0.043221518 | S35: =IFERROR(S8/R8-1,"") -> -0.026795431 | T35: =IFERROR(T8/S8-1,"") -> 0.060047544
B36: Q2 | 23/24 | C36: =CAA!C36-Malaysia!C36 -> 126129 | P36: 18/19 | Q36: =IFERROR(Q9/T8-1,"") -> 0.0065505566 | R36: =IFERROR(R9/Q9-1,"") -> -0.057039627 | S36: =IFERROR(S9/R9-1,"") -> 0.026883559 | T36: =IFERROR(T9/S9-1,"") -> 0.015394513
B37: Q3 | 23/24 | C37: =CAA!C37-Malaysia!C37 -> 125544 | P37: 19/20 | Q37: =IFERROR(Q10/T9-1,"") -> 0.026058632 | R37: =IFERROR(R10/Q10-1,"") -> -0.037267081 | S37: =IFERROR(S10/R10-1,"") -> -0.054910394 | T37: =IFERROR(T10/S10-1,"") -> 0.0073933316
B38: Q4 | 23/24 | C38: =CAA!C38-Malaysia!C38 -> 127327 | P38: 20/21 | Q38: =IFERROR(Q11/T10-1,"") -> 0.033358695 | R38: =IFERROR(R11/Q11-1,"") -> -0.0039499014 | S38: =IFERROR(S11/R11-1,"") -> 0.028251763 | T38: =IFERROR(T11/S11-1,"") -> -0.012633203
B39: Q1 | 24/25 | C39: =CAA!C39-Malaysia!C39 -> 129195 | P39: 21/22 | Q39: =IFERROR(Q12/T11-1,"") -> -0.015813424 | R39: =IFERROR(R12/Q12-1,"") -> -0.052988094 | S39: =IFERROR(S12/R12-1,"") -> 0.11127928 | T39: =IFERROR(T12/S12-1,"") -> 0.025585074
B40: Q2 |24/25 | C40: =CAA!C40-Malaysia!C40 -> 133267 | P40: 22/23 | Q40: =IFERROR(Q13/T12-1,"") -> -0.021526796 | R40: =IFERROR(R13/Q13-1,"") -> -0.041373875 | S40: =IFERROR(S13/R13-1,"") -> -0.072183782 | T40: =IFERROR(T13/S13-1,"") -> 0.013709082
B41: Q3 |24/25 | C41: =CAA!C41-Malaysia!C41 -> 111922 | P41: 23/24 | Q41: =IFERROR(Q14/T13-1,"") -> -0.096438197 | R41: =IFERROR(R14/Q14-1,"") -> 0.12973263 | S41: =IFERROR(S14/R14-1,"") -> -0.0046381086 | T41: =IFERROR(T14/S14-1,"") -> 0.014202192
B42: Q4| 24/25 | C42: =CAA!C42-Malaysia!C42 -> 122633 | P42: 24/25 | Q42: =IFERROR(Q15/T14-1,"") -> 0.014670887 | R42: =IFERROR(R15/Q15-1,"") -> 0.031518248 | S42: =IFERROR(S15/R15-1,"") -> -0.16016718 | T42: =IFERROR(T15/S15-1,"") -> 0.095700577
B43: Q1 | 25/26 | C43: =CAA!C43-Malaysia!C43 -> 117494 | P43: 25/26 | Q43: =IFERROR(Q16/T15-1,"") -> -0.041905523 | R43: =IFERROR(R16/Q16-1,"") -> 0.22151429 | S43: =IFERROR(S16/R16-1,"") -> -0.067643418
B44: Q2 | 25/26 | C44: =CAA!C44-Malaysia!C44 -> 143520.6
B45: Q3 | 25/26 | C45: =CAA!C45-Malaysia!C45 -> 133812.38

Sheet NCA Estimates
C6: Beq export | D6: Oct | E6: Nov | F6: Dec | G6: Jan | H6: Feb | I6: Mar | J6: Apr | K6: May | L6: Jun | M6: Jul | N6: Aug | O6: Sep
C7: 14/15 | D7: 18089.542 | E7: 19997.487 | F7: 16923.616 | G7: 8214.8473 | H7: 9869.6741 | I7: 7747.1276 | J7: 10141.465 | K7: 9934.1136 | L7: 10314.204 | M7: 7701.4646 | N7: 8476.3385 | O7: 9686.2692
C8: 15/16 | D8: 9155.7778 | E8: 11911.666 | F8: 9686.6046 | G8: 10236.321 | H8: 10160.289 | I8: 11233.401 | J8: 12512.65 | K8: 9380.0699 | L8: 13036.369 | M8: 13945.994 | N8: 10856.022 | O8: 16800.04
C9: 16/17 | D9: 13322.921 | E9: 10821.319 | F9: 7583.6038 | G9: 9208.8497 | H9: 9474.0254 | I9: 9158.0054 | J9: 9029.5132 | K9: 9092.8969 | L9: 8142.2752 | M9: 7469.4686 | N9: 9608.4504 | O9: 11529.462
C10: 17/18 | D10: 12238.556 | E10: 13261.705 | F10: 10758.052 | G10: 9552.2348 | H10: 7548.6613 | I10: 7423.6289 | J10: 8206.9998 | K10: 7790.1635 | L10: 8029.9057 | M10: 8422.496 | N10: 11683.339 | O10: 10809.284
C11: 18/19 | D11: 11023.965 | E11: 9065.5139 | F11: 7407.4128 | G11: 7922.501 | H11: 8005.7036 | I11: 8284.3439 | J11: 12308.58 | K11: 11816.112 | L11: 11009.763 | M11: 8136.0326 | N11: 8643.4541 | O11: 7243.3992
C12: 19/20 | D12: 10243.676 | E12: 11708.446 | F12: 9456.6273 | G12: 7286.3103 | H12: 7728.2145 | I12: 8414.8131 | J12: 7856.6358 | K12: 9938.3468 | L12: 8592.8633 | M12: 9478.2462 | N12: 11524.836 | O12: 12643.914
C13: 20/21 | D13: 14950.376 | E13: 11908.763 | F13: 9793.1774 | G13: 8859.8893 | H13: 7251.3843 | I13: 10194.546 | J13: 7145.4974 | K13: 8090.3641 | L13: 8819.2268 | M13: 9712.1634 | N13: 10497.512 | O13: 11638.894
C14: 21/22 | D14: 8466.4302 | E14: 12433.162 | F14: 12625.181 | G14: 9040.6691 | H14: 9041.8159 | I14: 10636.813 | J14: 9177.2608 | K14: 9545.9959 | L14: 10023.054 | M14: 9185.0071 | N14: 11222.8 | O14: 12920.208
C15: 22/23 | D15: 9534.3133 | E15: 9552.7292 | F15: 8257.0912 | G15: 7881.2726 | H15: 7013.6559 | I15: 10065.137 | J15: 8723.9277 | K15: 8558.6969 | L15: 9126.4317 | M15: 7713.5204 | N15: 10197.682 | O15: 11620.079
C16: 23/24 | D16: 11768.288 | E16: 10531.298 | F16: 11848.174 | G16: 11848.363 | H16: 16907.907 | I16: 19383.957 | J16: 18399.692 | K16: 20796.249 | L16: 28443.524 | M16: 29746.566 | N16: 41366.485 | O16: 37520.664
C17: 24/25 | D17: 42599.388 | E17: 40549.879 | F17: 30476.255 | G17: 24827.972 | H17: 25676.123 | I17: 33314.502 | J17: 23072.523 | K17: 28968.779 | L17: 26919.92 | M17: 27168.508 | N17: 26911.415 | O17: 19175.149
C18: 25/26 | D18: 24663.128
C21: Exports | D21: 1 | E21: 2 | F21: 3 | G21: 4 | K21: Exports | L21: 1 | M21: 2 | N21: 3 | O21: 4
B22: =C7 -> 14/15 | C22: 1 | D22: =SUM(D7:F7) -> 55010.645 | E22: =SUM(G7:I7) -> 25831.649 | F22: =SUM(J7:L7) -> 30389.783 | G22: =SUM(M7:O7) -> 25864.072 | J22: 14/15 | K22: 1
B23: =C8 -> 15/16 | C23: 2 | D23: =SUM(D8:F8) -> 30754.048 | E23: =SUM(G8:I8) -> 31630.012 | F23: =SUM(J8:L8) -> 34929.089 | G23: =SUM(M8:O8) -> 41602.057 | J23: 15/16 | K23: 2 | L23: =D23/D22-1 -> -0.44094369 | M23: =E23/E22-1 -> 0.22446739 | N23: =F23/F22-1 -> 0.14936947 | O23: =G23/G22-1 -> 0.60848825
B24: =C9 -> 16/17 | C24: 3 | D24: =SUM(D9:F9) -> 31727.844 | E24: =SUM(G9:I9) -> 27840.88 | F24: =SUM(J9:L9) -> 26264.685 | G24: =SUM(M9:O9) -> 28607.38 | J24: 16/17 | K24: 3 | L24: =D24/D23-1 -> 0.031663993 | M24: =E24/E23-1 -> -0.11979545 | N24: =F24/F23-1 -> -0.24805695 | O24: =G24/G23-1 -> -0.31235658
B25: =C10 -> 17/18 | C25: 4 | D25: =SUM(D10:F10) -> 36258.313 | E25: =SUM(G10:I10) -> 24524.525 | F25: =SUM(J10:L10) -> 24027.069 | G25: =SUM(M10:O10) -> 30915.119 | J25: 17/18 | K25: 4 | L25: =D25/D24-1 -> 0.14279156 | M25: =E25/E24-1 -> -0.1191182 | N25: =F25/F24-1 -> -0.085194867 | O25: =G25/G24-1 -> 0.080669337
B26: =C11 -> 18/19 | C26: 5 | D26: =SUM(D11:F11) -> 27496.892 | E26: =SUM(G11:I11) -> 24212.548 | F26: =SUM(J11:L11) -> 35134.455 | G26: =SUM(M11:O11) -> 24022.886 | J26: 18/19 | K26: 5 | L26: =D26/D25-1 -> -0.24163896 | M26: =E26/E25-1 -> -0.012721002 | N26: =F26/F25-1 -> 0.46228635 | O26: =G26/G25-1 -> -0.22294053
B27: =C12 -> 19/20 | C27: 6 | D27: =SUM(D12:F12) -> 31408.749 | E27: =SUM(G12:I12) -> 23429.338 | F27: =SUM(J12:L12) -> 26387.846 | G27: =SUM(M12:O12) -> 33646.997 | J27: 19/20 | K27: 6 | L27: =D27/D26-1 -> 0.14226545 | M27: =E27/E26-1 -> -0.032347299 | N27: =F27/F26-1 -> -0.24894677 | O27: =G27/G26-1 -> 0.4006226
B28: =C13 -> 20/21 | C28: 7 | D28: =SUM(D13:F13) -> 36652.316 | E28: =SUM(G13:I13) -> 26305.82 | F28: =SUM(J13:L13) -> 24055.088 | G28: =SUM(M13:O13) -> 31848.57 | J28: 20/21 | K28: 7 | L28: =D28/D27-1 -> 0.16694605 | M28: =E28/E27-1 -> 0.12277264 | N28: =F28/F27-1 -> -0.088402728 | O28: =G28/G27-1 -> -0.053449861
B29: =C14 -> 21/22 | C29: 8 | D29: =SUM(D14:F14) -> 33524.773 | E29: =SUM(G14:I14) -> 28719.298 | F29: =SUM(J14:L14) -> 28746.311 | G29: =SUM(M14:O14) -> 33328.015 | J29: 21/22 | K29: 8 | L29: =D29/D28-1 -> -0.085330022 | M29: =E29/E28-1 -> 0.091746951 | N29: =F29/F28-1 -> 0.19501996 | O29: =G29/G28-1 -> 0.0464525
B30: =C15 -> 22/23 | C30: 9 | D30: =SUM(D15:F15) -> 27344.134 | E30: =SUM(G15:I15) -> 24960.065 | F30: =SUM(J15:L15) -> 26409.056 | G30: =SUM(M15:O15) -> 29531.282 | J30: 22/23 | K30: 9 | L30: =D30/D29-1 -> -0.18436036 | M30: =E30/E29-1 -> -0.13089572 | N30: =F30/F29-1 -> -0.081306239 | O30: =G30/G29-1 -> -0.11392018
B31: =C16 -> 23/24 | C31: 10 | D31: =SUM(D16:F16) -> 34147.76 | E31: =SUM(G16:I16) -> 48140.228 | F31: =SUM(J16:L16) -> 67639.465 | G31: =SUM(M16:O16) -> 108633.71 | J31: 23/24 | K31: 10 | L31: =D31/D30-1 -> 0.24881483 | M31: =E31/E30-1 -> 0.92868998 | N31: =F31/F30-1 -> 1.5612224 | O31: =G31/G30-1 -> 2.678598
B32: =C17 -> 24/25 | C32: 11 | D32: =SUM(D17:F17) -> 113625.52 | E32: =SUM(G17:I17) -> 83818.598 | F32: =SUM(J17:L17) -> 78961.221 | G32: =SUM(M17:O17) -> 73255.072 | J32: 24/25 | K32: 11 | L32: =D32/D31-1 -> 2.3274664 | M32: =E32/E31-1 -> 0.74113423 | N32: =F32/F31-1 -> 0.16738387 | O32: =G32/G31-1 -> -0.32566908
B33: =C18 -> 25/26 | C33: 12 | D33: =SUM(D18:F18) -> 24663.128 | J33: 25/26 | K33: 12 | L33: =D33/D32-1 -> -0.78294377
D41: exports | E41: 1 | F41: 2 | G41: 3 | H41: 4 | J41: Grind
C42: 1 | D42: 17/18 | E42: =L25 -> 0.14279156 | F42: =M25 -> -0.1191182 | G42: =N25 -> -0.085194867 | H42: =O25 -> 0.080669337 | J42: -0.033890405 | K42: -0.011435515 | L42: -0.031057868 | M42: 0.025302618
C43: 2 | D43: 18/19 | E43: =L26 -> -0.24163896 | F43: =M26 -> -0.012721002 | G43: =N26 -> 0.46228635 | H43: =O26 -> -0.22294053 | J43: 0.0098380427 | K43: 0.025450841 | L43: 0.039806875 | M43: -0.041138108
C44: 3 | D44: 19/20 | E44: =L27 -> 0.14226545 | F44: =M27 -> -0.032347299 | G44: =N27 -> -0.24894677 | H44: =O27 -> 0.4006226 | J44: -0.058444661 | K44: -0.050984803 | L44: -0.10700524 | M44: -0.04015973
C45: 4 | D45: 20/21 | E45: =L28 -> 0.16694605 | F45: =M28 -> 0.12277264 | G45: =N28 -> -0.088402728 | H45: =O28 -> -0.053449861 | J45: 0.069511013 | K45: 0.02046007 | L45: 0.11683939 | M45: 0.043455099
C46: 5 | D46: 21/22 | E46: =L29 -> -0.085330022 | F46: =M29 -> 0.091746951 | G46: =N29 -> 0.19501996 | H46: =O29 -> 0.0464525 | J46: -0.011877028 | K46: -0.02765438 | L46: -0.063207753 | M46: -0.033671262
C47: 6 | D47: 22/23 | E47: =L30 -> -0.18436036 | F47: =M30 -> -0.13089572 | G47: =N30 -> -0.081306239 | H47: =O30 -> -0.11392018 | J47: -0.081540796 | K47: -0.043838387 | L47: -0.11566968 | M47: -0.17915367
C48: 7 | D48: 23/24 | E48: =L31 -> 0.24881483 | F48: =M31 -> 0.92868998 | G48: =N31 -> 1.5612224 | H48: =O31 -> 2.678598 | J48: -0.029487539 | K48: 0.036629402 | L48: 0.022323476 | M48: 0.11629428
C49: 8 | D49: 24/25 | E49: =L32 -> 2.3274664 | F49: =M32 -> 0.74113423 | G49: =N32 -> 0.16738387 | H49: =O32 -> -0.32566908 | J49: -0.011637861 | K49: -0.029951708 | L49: -0.027829473 | M49: -0.041001611
D50: 25/26
G54: Exports | H54: Grind
E55: 1 | F55: 1 | G55: =INDEX($E$42:$H$49,MATCH(E55,$C$42:$C$49),MATCH(F55,$E$41:$H$41)) -> 0.14279156 | H55: =INDEX($J$42:$M$49,MATCH(E55,$C$42:$C$49),MATCH(F55,$E$41:$H$41)) -> -0.033890405
E56: 1 | F56: 2 | G56: =INDEX($E$42:$H$49,MATCH(E56,$C$42:$C$49),MATCH(F56,$E$41:$H$41)) -> -0.1191182 | H56: =INDEX($J$42:$M$49,MATCH(E56,$C$42:$C$49),MATCH(F56,$E$41:$H$41)) -> -0.011435515
E57: 1 | F57: 3 | G57: =INDEX($E$42:$H$49,MATCH(E57,$C$42:$C$49),MATCH(F57,$E$41:$H$41)) -> -0.085194867 | H57: =INDEX($J$42:$M$49,MATCH(E57,$C$42:$C$49),MATCH(F57,$E$41:$H$41)) -> -0.031057868
E58: 1 | F58: 4 | G58: =INDEX($E$42:$H$49,MATCH(E58,$C$42:$C$49),MATCH(F58,$E$41:$H$41)) -> 0.080669337 | H58: =INDEX($J$42:$M$49,MATCH(E58,$C$42:$C$49),MATCH(F58,$E$41:$H$41)) -> 0.025302618
E59: =E55+1 -> 2 | F59: =F55 -> 1 | G59: =INDEX($E$42:$H$49,MATCH(E59,$C$42:$C$49),MATCH(F59,$E$41:$H$41)) -> -0.24163896 | H59: =INDEX($J$42:$M$49,MATCH(E59,$C$42:$C$49),MATCH(F59,$E$41:$H$41)) -> 0.0098380427
E60: =E56+1 -> 2 | F60: =F56 -> 2 | G60: =INDEX($E$42:$H$49,MATCH(E60,$C$42:$C$49),MATCH(F60,$E$41:$H$41)) -> -0.012721002 | H60: =INDEX($J$42:$M$49,MATCH(E60,$C$42:$C$49),MATCH(F60,$E$41:$H$41)) -> 0.025450841
E61: =E57+1 -> 2 | F61: =F57 -> 3 | G61: =INDEX($E$42:$H$49,MATCH(E61,$C$42:$C$49),MATCH(F61,$E$41:$H$41)) -> 0.46228635 | H61: =INDEX($J$42:$M$49,MATCH(E61,$C$42:$C$49),MATCH(F61,$E$41:$H$41)) -> 0.039806875
E62: =E58+1 -> 2 | F62: =F58 -> 4 | G62: =INDEX($E$42:$H$49,MATCH(E62,$C$42:$C$49),MATCH(F62,$E$41:$H$41)) -> -0.22294053 | H62: =INDEX($J$42:$M$49,MATCH(E62,$C$42:$C$49),MATCH(F62,$E$41:$H$41)) -> -0.041138108
E63: =E59+1 -> 3 | F63: =F59 -> 1 | G63: =INDEX($E$42:$H$49,MATCH(E63,$C$42:$C$49),MATCH(F63,$E$41:$H$41)) -> 0.14226545 | H63: =INDEX($J$42:$M$49,MATCH(E63,$C$42:$C$49),MATCH(F63,$E$41:$H$41)) -> -0.058444661
E64: =E60+1 -> 3 | F64: =F60 -> 2 | G64: =INDEX($E$42:$H$49,MATCH(E64,$C$42:$C$49),MATCH(F64,$E$41:$H$41)) -> -0.032347299 | H64: =INDEX($J$42:$M$49,MATCH(E64,$C$42:$C$49),MATCH(F64,$E$41:$H$41)) -> -0.050984803
E65: =E61+1 -> 3 | F65: =F61 -> 3 | G65: =INDEX($E$42:$H$49,MATCH(E65,$C$42:$C$49),MATCH(F65,$E$41:$H$41)) -> -0.24894677 | H65: =INDEX($J$42:$M$49,MATCH(E65,$C$42:$C$49),MATCH(F65,$E$41:$H$41)) -> -0.10700524
E66: =E62+1 -> 3 | F66: =F62 -> 4 | G66: =INDEX($E$42:$H$49,MATCH(E66,$C$42:$C$49),MATCH(F66,$E$41:$H$41)) -> 0.4006226 | H66: =INDEX($J$42:$M$49,MATCH(E66,$C$42:$C$49),MATCH(F66,$E$41:$H$41)) -> -0.04015973
E67: =E63+1 -> 4 | F67: =F63 -> 1 | G67: =INDEX($E$42:$H$49,MATCH(E67,$C$42:$C$49),MATCH(F67,$E$41:$H$41)) -> 0.16694605 | H67: =INDEX($J$42:$M$49,MATCH(E67,$C$42:$C$49),MATCH(F67,$E$41:$H$41)) -> 0.069511013
E68: =E64+1 -> 4 | F68: =F64 -> 2 | G68: =INDEX($E$42:$H$49,MATCH(E68,$C$42:$C$49),MATCH(F68,$E$41:$H$41)) -> 0.12277264 | H68: =INDEX($J$42:$M$49,MATCH(E68,$C$42:$C$49),MATCH(F68,$E$41:$H$41)) -> 0.02046007
E69: =E65+1 -> 4 | F69: =F65 -> 3 | G69: =INDEX($E$42:$H$49,MATCH(E69,$C$42:$C$49),MATCH(F69,$E$41:$H$41)) -> -0.088402728 | H69: =INDEX($J$42:$M$49,MATCH(E69,$C$42:$C$49),MATCH(F69,$E$41:$H$41)) -> 0.11683939
E70: =E66+1 -> 4 | F70: =F66 -> 4 | G70: =INDEX($E$42:$H$49,MATCH(E70,$C$42:$C$49),MATCH(F70,$E$41:$H$41)) -> -0.053449861 | H70: =INDEX($J$42:$M$49,MATCH(E70,$C$42:$C$49),MATCH(F70,$E$41:$H$41)) -> 0.043455099
... E81: =E77+1 -> 7 | F81: =F77 -> 3 | G81: =INDEX($E$42:$H$49,MATCH(E81,$C$42:$C$49),MATCH(F81,$E$41:$H$41)) -> 1.5612224 | H81: =INDEX($J$42:$M$49,MATCH(E81,$C$42:$C$49),MATCH(F81,$E$41:$H$41)) -> 0.022323476
E82: =E78+1 -> 7 | F82: =F78 -> 4 | G82: =INDEX($E$42:$H$49,MATCH(E82,$C$42:$C$49),MATCH(F82,$E$41:$H$41)) -> 2.678598 | H82: =INDEX($J$42:$M$49,MATCH(E82,$C$42:$C$49),MATCH(F82,$E$41:$H$41)) -> 0.11629428 | J82: {=LINEST(H55:H86,G55:G86)} -> 0.0357841 | K82: -0.026503966
E83: =E79+1 -> 8 | F83: =F79 -> 1 | G83: =INDEX($E$42:$H$49,MATCH(E83,$C$42:$C$49),MATCH(F83,$E$41:$H$41)) -> 2.3274664 | H83: =INDEX($J$42:$M$49,MATCH(E83,$C$42:$C$49),MATCH(F83,$E$41:$H$41)) -> -0.011637861
E84: =E80+1 -> 8 | F84: =F80 -> 2 | G84: =INDEX($E$42:$H$49,MATCH(E84,$C$42:$C$49),MATCH(F84,$E$41:$H$41)) -> 0.74113423 | H84: =INDEX($J$42:$M$49,MATCH(E84,$C$42:$C$49),MATCH(F84,$E$41:$H$41)) -> -0.029951708
E85: =E81+1 -> 8 | F85: =F81 -> 3 | G85: =INDEX($E$42:$H$49,MATCH(E85,$C$42:$C$49),MATCH(F85,$E$41:$H$41)) -> 0.16738387 | H85: =INDEX($J$42:$M$49,MATCH(E85,$C$42:$C$49),MATCH(F85,$E$41:$H$41)) -> -0.027829473
E86: =E82+1 -> 8 | F86: =F82 -> 4 | G86: =INDEX($E$42:$H$49,MATCH(E86,$C$42:$C$49),MATCH(F86,$E$41:$H$41)) -> -0.32566908 | H86: =INDEX($J$42:$M$49,MATCH(E86,$C$42:$C$49),MATCH(F86,$E$41:$H$41)) -> -0.041001611
G87: -0.02 | H87: =G87*J82+K82 -> -0.027219648

Sheet ECA,NCA,CAA
A1: ECA, CAA & NCA Grinds
AB3: =COUNT(T16:W16) -> 3 | AC3: =OFFSET(S6,0,$AB$3,1,1) -> Q3
T5: 1 | U5: 2 | V5: 3 | W5: 4
B6: Quarter | C6: Total | D6: ECA | E6: CAA | F6: NCA | T6: Q1 | U6: Q2 | V6: Q3 | W6: Q4 | X6: Q1-Q4 | Y6: % | AB6: Crop Year | AC6: =_xlfn.CONCAT("YTD (Q1 to ",AC3,")") -> YTD (Q1 to Q3) | AD6: % | AH6: Q1 | AI6: Q2 | AJ6: Q3 | AK6: Q4
B7: Q1 | 16/17 | C7: =SUM(D7:F7) -> 637343 | D7: =IF(ECA!C7=0,NA(),ECA!C7) -> 339741 | E7: =IF(CAA!C7=0,NA(),CAA!C7) -> 177450 | F7: =IF(NCA!C7=0,NA(),NCA!C7) -> 120152 | S7: 16/17 | T7: =C7 -> 637343 | U7: =C8 -> 637343 | V7: =C9 -> 615973 | W7: =C10 -> 668274 | X7: =SUM(T7:W7) -> 2558933 | AB7: =S7 -> 16/17 | AC7: =SUM(OFFSET(T7,0,0,1,$AB$3)) -> 1890659 | AG7: =S7 -> 16/17 | AH7: =T7 -> 637343 | AI7: =AH7+U7 -> 1274686 | AJ7: =AI7+V7 -> 1890659 | AK7: =AJ7+W7 -> 2558933
B8: Q2 | 16/17 | C8: =SUM(D8:F8) -> 637343 | D8: =IF(ECA!C8=0,NA(),ECA!C8) -> 339741 | E8: =IF(CAA!C8=0,NA(),CAA!C8) -> 177450 | F8: =IF(NCA!C8=0,NA(),NCA!C8) -> 120152 | S8: 17/18 | T8: =C11 -> 665842 | U8: =C12 -> 667454 | V8: =C13 -> 660804 | W8: =C14 -> 688034 | X8: =SUM(T8:W8) -> 2682134 | Y8: =X8/X7-1 -> 0.048145458 | AB8: =S8 -> 17/18 | AC8: =SUM(OFFSET(T8,0,0,1,$AB$3)) -> 1994100 | AD8: =AC8/AC7-1 -> 0.054711611 | AG8: =S8 -> 17/18 | AH8: =T8 -> 665842 | AI8: =AH8+U8 -> 1333296 | AJ8: =AI8+V8 -> 1994100 | AK8: =AJ8+W8 -> 2682134
B9: Q3 | 16/17 | C9: =SUM(D9:F9) -> 615973 | D9: =IF(ECA!C9=0,NA(),ECA!C9) -> 331970 | E9: =IF(CAA!C9=0,NA(),CAA!C9) -> 160878 | F9: =IF(NCA!C9=0,NA(),NCA!C9) -> 123125 | S9: 18/19 | T9: =C15 -> 685225 | U9: =C16 -> 700548 | V9: =C17 -> 684514 | W9: =C18 -> 711504 | X9: =SUM(T9:W9) -> 2781791 | Y9: =X9/X8-1 -> 0.037155862 | AB9: =S9 -> 18/19 | AC9: =SUM(OFFSET(T9,0,0,1,$AB$3)) -> 2070287 | AD9: =AC9/AC8-1 -> 0.038206208 | AG9: =S9 -> 18/19 | AH9: =T9 -> 685225 | AI9: =AH9+U9 -> 1385773 | AJ9: =AI9+V9 -> 2070287 | AK9: =AJ9+W9 -> 2781791
